team,pos,player,source
Algeria,GK,MASTIL Melvin Melvin Feycal MASTIL MASTIL,fifa
Algeria,DF,MANDI Aissa Aissa MANDI MANDI,fifa
Algeria,DF,ABADA Achref Achref ABADA ABADA,fifa
Algeria,DF,TOUGAI Mohamed Amine Mohamed Amine TOUGAI TOUGAI,fifa
Algeria,DF,BELAID Zineddine Zineddine BELAÏD BELAID,fifa
Algeria,MF,ZERROUKI Ramiz Ramiz Larbi ZERROUKI ZERROUKI,fifa
Algeria,FW,MAHREZ Riyad Riyad Karim MAHREZ MAHREZ,fifa
Algeria,MF,AOUAR Houssem Houssem-Eddine Chaabane AOUAR AOUAR,fifa
Algeria,FW,GOUIRI Amine Amine Ferid GHOUIRI GOUIRI,fifa
Algeria,MF,CHAIBI Fares Fares CHAIBI CHAIBI,fifa
Algeria,FW,HADJ MOUSSA Anis Anis HADJ MOUSSA HADJ MOUSSA,fifa
Algeria,FW,BENBOUALI Nadhir Ahmed Nadhir BENBOUALI BENBOUALI,fifa
Algeria,DF,HADJAM Jaouen Jaouen Djimmy HADJAM HADJAM,fifa
Algeria,MF,BOUDAOUI Hicham Hicham BOUDAOUI BOUDAOUI,fifa
Algeria,DF,AIT-NOURI Rayan Rayan AÏT-NOURI AIT NOURI,fifa
Algeria,GK,BENBOT Oussama Oussama BENBOT BENBOT,fifa
Algeria,DF,BELGHALI Rak Rak BELGHALI BELGHALI,fifa
Algeria,FW,AMOURA Mohamed Mohammed Elamine AMOURA AMOURA,fifa
Algeria,MF,BENTALEB Nabil Nabil BENTALEB BENTALEB,fifa
Algeria,FW,BOULBINA Adil Adil BOULBINA BOULBINA,fifa
Algeria,DF,BENSEBAINI Ramy Amir Selmane Rami BENSEBAINI BENSEBAINI,fifa
Algeria,MF,MAZA Ibrahim Ibrahim MAZA MAZA,fifa
Algeria,GK,ZIDANE Luca Luca Zinedine ZIDANE ZIDANE,fifa
Algeria,MF,TITRAOUI Yassine Yassine M E G TITRAOUI TITRAOUI,fifa
Algeria,FW,GHEDJEMIS Fares Fares GHEDJEMIS GHEDJEMIS,fifa
Algeria,DF,CHERGUI Samir Samir Sophian CHERGUI CHERGUI,fifa
Argentina,GK,MUSSO Juan Juan Agustín MUSSO MUSSO,fifa
Argentina,DF,Marcos Senesi,manual
Argentina,DF,TAGLIAFICO Nicolas Nicolás Alejandro TAGLIAFICO TAGLIAFICO,fifa
Argentina,DF,MONTIEL Gonzalo Gonzalo Ariel MONTIEL MONTIEL,fifa
Argentina,MF,PAREDES Leandro Leandro Daniel PAREDES PAREDES,fifa
Argentina,DF,MARTINEZ Lisandro Lisandro MARTÍNEZ MARTÍNEZ,fifa
Argentina,MF,DE PAUL Rodrigo Rodrigo Javier DE PAUL DE PAUL,fifa
Argentina,MF,BARCO Valentin Valentin BARCO BARCO,fifa
Argentina,FW,ALVAREZ Julian Julián ÁLVAREZ J. ALVAREZ,fifa
Argentina,FW,MESSI Lionel Lionel Andrés MESSI MESSI,fifa
Argentina,MF,LO CELSO Giovani Giovani LO CELSO LO CELSO,fifa
Argentina,GK,RULLI Geronimo Geronimo RULLI RULLI,fifa
Argentina,DF,ROMERO Cristian Cristian Gabriel ROMERO ROMERO,fifa
Argentina,MF,PALACIOS Exequiel Exequiel Alejandro PALACIOS PALACIOS,fifa
Argentina,MF,GONZALEZ Nico Nicolas Ivan GONZALEZ N. GONZALEZ,fifa
Argentina,FW,ALMADA Thiago Thiago Ezequiel ALMADA ALMADA,fifa
Argentina,FW,SIMEONE Giuliano Giuliano SIMEONE SIMEONE,fifa
Argentina,FW,PAZ Nico Nicolas PAZ MARTÍNEZ NICO PAZ,fifa
Argentina,DF,OTAMENDI Nicolas Nicolas Hernan Gonzalo OTAMENDI OTAMENDI,fifa
Argentina,MF,MAC ALLISTER Alexis Alexis MAC ALLISTER MAC ALLISTER,fifa
Argentina,FW,LOPEZ Jose Manuel Jose Manuel Alberto LOPEZ LOPEZ,fifa
Argentina,FW,MARTINEZ Lautaro Lautaro Javier MARTÍNEZ L. MARTINEZ,fifa
Argentina,GK,MARTINEZ Emiliano Damián Emiliano MARTÍNEZ E. MARTINEZ,fifa
Argentina,MF,FERNANDEZ Enzo Enzo Jeremías FERNÁNDEZ E. FERNANDEZ,fifa
Argentina,DF,MEDINA Facundo Facundo Axel MEDINA MEDINA,fifa
Argentina,DF,MOLINA Nahuel Nahuel MOLINA LUCERO MOLINA,fifa
Australia,GK,RYAN Mathew Mathew David RYAN RYAN,fifa
Australia,DF,DEGENEK Milos Milos DEGENEK DEGENEK,fifa
Australia,DF,CIRCATI Alessandro Alessandro CIRCATI CIRCATI,fifa
Australia,DF,ITALIANO Jacob Jacob Michael ITALIANO ITALIANO,fifa
Australia,DF,BOS Jordan Jordan Jacob BOS BOS,fifa
Australia,DF,GERIA Jason Jason Kato GERIA GERIA,fifa
Australia,FW,LECKIE Mathew Mathew Allan LECKIE LECKIE,fifa
Australia,MF,METCALFE Connor Connor Isaac METCALFE METCALFE,fifa
Australia,FW,TOURE Mohamed Mohamed A TOURE TOURE,fifa
Australia,FW,HRUSTIC Ajdin Ajdin HRUSTIC HRUSTIC,fifa
Australia,FW,MABIL Awer Awer Bul MABIL MABIL,fifa
Australia,GK,IZZO Paul Paul David IZZO IZZO,fifa
Australia,MF,ONEILL Aiden Aiden Connor O'NEILL O'NEILL,fifa
Australia,MF,DEVLIN Cameron Cameron Peter DEVLIN DEVLIN,fifa
Australia,DF,TREWIN Kai Kai Clifton TREWIN TREWIN,fifa
Australia,DF,BEHICH Aziz Aziz BEHICH BEHICH,fifa
Australia,FW,IRANKUNDA Nestory Nestory IRANKUNDA IRANKUNDA,fifa
Australia,GK,BEACH Patrick Patrick Thomas BEACH BEACH,fifa
Australia,DF,SOUTTAR Harry Harry James SOUTTAR SOUTTAR,fifa
Australia,FW,VOLPATO Cristian Cristian VOLPATO VOLPATO,fifa
Australia,DF,BURGESS Cameron Cameron Robert BURGESS BURGESS,fifa
Australia,MF,IRVINE Jackson Jackson Alexander IRVINE IRVINE,fifa
Australia,FW,VELUPILLAY Nishan Nishan Matthew VELUPILLAY VELUPILLAY,fifa
Australia,MF,OKON-ENGSTLER Paul Paul Michael Junior OKON-ENGSTLER OKON-ENGSTLER,fifa
Australia,DF,HERRINGTON Lucas Lucas HERRINGTON HERRINGTON,fifa
Australia,FW,YENGI Tete Tete Owen YENGI YENGI,fifa
Austria,GK,SCHLAGER Alexander Alexander SCHLAGER SCHLAGER,fifa
Austria,DF,AFFENGRUBER David David Leopold AFFENGRUBER AFFENGRUBER,fifa
Austria,DF,DANSO Kevin Kevin DANSO DANSO,fifa
Austria,MF,SCHLAGER Xaver Xaver SCHLAGER XAVER,fifa
Austria,DF,POSCH Stefan Stefan POSCH POSCH,fifa
Austria,MF,SEIWALD Nicolas Nicolas SEIWALD SEIWALD,fifa
Austria,FW,ARNAUTOVIC Marko Marko ARNAUTOVIC ARNAUTOVIC,fifa
Austria,DF,ALABA David David ALABA ALABA,fifa
Austria,MF,SABITZER Marcel Marcel SABITZER SABITZER,fifa
Austria,MF,GRILLITSCH Florian Florian GRILLITSCH GRILLITSCH,fifa
Austria,FW,GREGORITSCH Michael Michael GREGORITSCH GREGORITSCH,fifa
Austria,GK,WIEGELE Florian Florian WIEGELE WIEGELE,fifa
Austria,GK,PENTZ Patrick Patrick PENTZ PENTZ,fifa
Austria,FW,KALAJDZIC Sasa Saša KALAJDŽIĆ KALAJDZIC,fifa
Austria,DF,LIENHART Philipp Philipp LIENHART LIENHART,fifa
Austria,DF,MWENE Phillip Phillip MWENE MWENE,fifa
Austria,MF,CHUKWUEMEKA Carney Carney Chibueze CHUKWUEMEKA CHUKWUEMEKA,fifa
Austria,MF,SCHMID Romano Romano SCHMID SCHMID,fifa
Austria,MF,LJUBICIC Dejan Dejan LJUBIČIĆ LJUBICIC,fifa
Austria,MF,LAIMER Konrad Konrad LAIMER LAIMER,fifa
Austria,FW,WIMMER Patrick Patrick WIMMER WIMMER,fifa
Austria,MF,PRASS Alexander Alexander PRASS PRASS,fifa
Austria,DF,FRIEDL Marco Marco FRIEDL FRIEDL,fifa
Austria,MF,WANNER Paul Paul WANNER WANNER,fifa
Austria,DF,SVOBODA Michael Michael SVOBODA SVOBODA,fifa
Austria,MF,SCHOEPF Alessandro Alessandro Andre SCHÖPF SCHÖPF,fifa
Belgium,GK,COURTOIS Thibaut Thibaut Nicolas M COURTOIS COURTOIS,fifa
Belgium,DF,DEBAST Zeno Zeno Koen DEBAST DEBAST,fifa
Belgium,DF,THEATE Arthur Arthur Nicolas R THEATE THEATE,fifa
Belgium,DF,MECHELE Brandon Brandon Erik MECHELE MECHELE,fifa
Belgium,DF,DE CUYPER Maxim Maxim Peter M DE CUYPER DE CUYPER,fifa
Belgium,MF,WITSEL Axel Axel Laurent A WITSEL WITSEL,fifa
Belgium,MF,DE BRUYNE Kevin Kevin DE BRUYNE DE BRUYNE,fifa
Belgium,MF,TIELEMANS Youri Youri Marion A TIELEMANS TIELEMANS,fifa
Belgium,FW,LUKAKU Romelu Romelu LUKAKU BOLINGOLI LUKAKU,fifa
Belgium,FW,TROSSARD Leandro Leandro TROSSARD TROSSARD,fifa
Belgium,FW,DOKU Jeremy Jeremy Baffour DOKU DOKU,fifa
Belgium,GK,LAMMENS Senne Senne LAMMENS LAMMENS,fifa
Belgium,GK,PENDERS Mike Mike Louis PENDERS PENDERS,fifa
Belgium,FW,LUKEBAKIO Dodi Dodi LUKEBAKIO NGANDOLI LUKEBAKIO,fifa
Belgium,DF,MEUNIER Thomas Thomas Andre A MEUNIER MEUNIER,fifa
Belgium,DF,DE WINTER Koni Koni DE WINTER DE WINTER,fifa
Belgium,FW,DE KETELAERE Charles Charles Marc S DE KETELAERE DE KETELAERE,fifa
Belgium,DF,SEYS Joaquin Joaquin Ronny SEYS SEYS,fifa
Belgium,MF,MOREIRA Diego Diego Manuel J DA SILVA MOREIRA MOREIRA JR,fifa
Belgium,MF,VANAKEN Hans Hans VANAKEN VANAKEN,fifa
Belgium,DF,CASTAGNE Timothy Timothy CASTAGNE CASTAGNE,fifa
Belgium,MF,SAELEMAEKERS Alexis Alexis Jesse M SAELEMAEKERS SAELEMAEKERS,fifa
Belgium,MF,RASKIN Nicolas Nicolas Thierry Y RASKIN RASKIN,fifa
Belgium,MF,ONANA Amadou Amadou Ba Z MVOM ONANA ONANA,fifa
Belgium,DF,NGOY Nathan Nathan NGOY NGOY,fifa
Belgium,FW,FERNANDEZ-PARDO Matias Matias FERNANDEZ-PARDO FERNANDEZ-PARDO,fifa
Bosnia and Herzegovina,GK,VASILJ Nikola Nikola VASILJ VASILJ,fifa
Bosnia and Herzegovina,DF,MUJAKIC Nihad Nihad MUJAKIĆ MUJAKIĆ,fifa
Bosnia and Herzegovina,DF,HADZIKADUNIC Dennis Dennis HADŽIKADUNIĆ HADŽIKADUNIĆ,fifa
Bosnia and Herzegovina,DF,MUHAREMOVIC Tarik Tarik MUHAREMOVIĆ MUHAREMOVIĆ,fifa
Bosnia and Herzegovina,DF,KOLASINAC Sead Sead KOLAŠINAC KOLAŠINAC,fifa
Bosnia and Herzegovina,MF,TAHIROVIC Benjamin Benjamin TAHIROVIC TAHIROVIĆ,fifa
Bosnia and Herzegovina,DF,DEDIC Amar Amar DEDIĆ DEDIĆ,fifa
Bosnia and Herzegovina,MF,GIGOVIC Armin Armin GIGOVIĆ GIGOVIĆ,fifa
Bosnia and Herzegovina,FW,BAZDAR Samed Samed BAŽDAR BAŽDAR,fifa
Bosnia and Herzegovina,FW,DEMIROVIC Ermedin Ermedin DEMIROVIĆ DEMIROVIĆ,fifa
Bosnia and Herzegovina,FW,DZEKO Edin Edin DŽEKO DŽEKO,fifa
Bosnia and Herzegovina,GK,JURKAS Mladen Mladen JURKAS JURKAS,fifa
Bosnia and Herzegovina,MF,BASIC Ivan Ivan BAŠIĆ BAŠIĆ,fifa
Bosnia and Herzegovina,MF,SUNJIC Ivan Ivan ŠUNJIĆ ŠUNJIĆ,fifa
Bosnia and Herzegovina,MF,MEMIC Amar Amar MEMIĆ MEMIĆ,fifa
Bosnia and Herzegovina,MF,HADZIAHMETOVIC Amir Amir HADŽIAHMETOVIĆ HADŽIAHMETOVIĆ,fifa
Bosnia and Herzegovina,MF,BURNIC Dzenis Dženis BURNIĆ BURNIĆ,fifa
Bosnia and Herzegovina,DF,KATIC Nikola Nikola KATIĆ KATIĆ,fifa
Bosnia and Herzegovina,FW,ALAJBEGOVIC Kerim Kerim ALAJBEGOVIĆ ALAJBEGOVIĆ,fifa
Bosnia and Herzegovina,FW,BAJRAKTAREVIC Esmir Esmir BAJRAKTAREVIĆ BAJRAKTAREVIĆ,fifa
Bosnia and Herzegovina,DF,RADELJIC Stjepan Stjepan RADELJIĆ RADELJIĆ,fifa
Bosnia and Herzegovina,GK,ZLOMISLIC Martin Martin ZLOMISLIĆ ZLOMISLIĆ,fifa
Bosnia and Herzegovina,FW,TABAKOVIC Haris Haris TABAKOVIĆ TABAKOVIĆ,fifa
Bosnia and Herzegovina,DF,CELIK Nidal Nidal ČELIK ČELIK,fifa
Bosnia and Herzegovina,FW,LUKIC Jovo Jovo LUKIĆ LUKIĆ,fifa
Bosnia and Herzegovina,MF,MAHMIC Ermin Ermin MAHMIĆ MAHMIĆ,fifa
Brazil,GK,ALISSON Álisson Ramsés BECKER A. BECKER,fifa
Brazil,MF,EDERSON SILVA Éderson José DOS SANTOS LOURENÇO DA SILVA ÉDERSON S.,fifa
Brazil,DF,GABRIEL MAGALHAES Gabriel DOS SANTOS MAGALHÃES GABRIEL,fifa
Brazil,DF,MARQUINHOS Marcos AOAS CORREA MARQUINHOS,fifa
Brazil,MF,CASEMIRO Carlos Henrique CASIMIRO CASEMIRO,fifa
Brazil,DF,ALEX SANDRO Alex Sandro LOBO SILVA ALEX SANDRO,fifa
Brazil,FW,VINICIUS JUNIOR Vinicius José PAIXÃO DE OLIVEIRA JÚNIOR VINI JR.,fifa
Brazil,MF,BRUNO GUIMARAES Bruno GUIMARÃES RODRIGUEZ MOURA BRUNO G.,fifa
Brazil,FW,MATHEUS CUNHA Matheus SANTOS CARNEIRO DA CUNHA CUNHA,fifa
Brazil,FW,NEYMAR JR Neymar DA SILVA SANTOS JÚNIOR NEYMAR JR,fifa
Brazil,FW,RAPHINHA Raphael DIAS BELLOLI RAPHINHA,fifa
Brazil,GK,WEVERTON Weverton PEREIRA DA SILVA WEVERTON,fifa
Brazil,DF,DANILO Danilo Luiz DA SILVA DANILO,fifa
Brazil,DF,BREMER Gleison Bremer SILVA NASCIMENTO BREMER,fifa
Brazil,DF,LEO PEREIRA Leonardo PEREIRA LÉO PEREIRA,fifa
Brazil,DF,DOUGLAS SANTOS Douglas DOS SANTOS JUSTINO DE MELO DOUGLAS S.,fifa
Brazil,MF,FABINHO Fabio Henrique TAVARES FABINHO,fifa
Brazil,MF,DANILO SANTOS Danilo DOS SANTOS DE OLIVEIRA DANILO S.,fifa
Brazil,FW,ENDRICK Endrick Felipe MOREIRA DE SOUSA PESSOA ENDRICK,fifa
Brazil,MF,LUCAS PAQUETA Lucas TOLENTINO COELHO DE LIMA L. PAQUETÁ,fifa
Brazil,FW,LUIZ HENRIQUE Luiz Henrique André ROSA DA SILVA L. HENRIQUE,fifa
Brazil,FW,GABRIEL MARTINELLI Gabriel TEODORO MARTINELLI SILVA MARTINELLI,fifa
Brazil,GK,EDERSON Ederson SANTANA DE MORAES EDERSON,fifa
Brazil,DF,ROGER IBANEZ Roger IBAÑEZ DA SILVA IBAÑEZ,fifa
Brazil,FW,IGOR THIAGO Igor Thiago NASCIMENTO RODRIGUES THIAGO,fifa
Brazil,FW,RAYAN Rayan Vitor SIMPLICIO ROCHA RAYAN,fifa
Canada,GK,ST. CLAIR Dayne Dayne Tristan ST. CLAIR ST. CLAIR,fifa
Canada,DF,JOHNSTON Alistair Alistair William JOHNSTON JOHNSTON,fifa
Canada,DF,JONES Ale Ale Charles JONES JONES,fifa
Canada,DF,DE FOUGEROLLES Luc Luc ROLLET DE FOUGEROLLES DE FOUGEROLLES,fifa
Canada,DF,WATERMAN Joel Joel Robert WATERMAN WATERMAN,fifa
Canada,MF,CHOINIERE Mathieu Mathieu CHOINIÈRE CHOINIÈRE,fifa
Canada,MF,EUSTAQUIO Stephen Stephen EUSTAQUIO EUSTÁQUIO,fifa
Canada,MF,KONE Ismael Ismaël Kenneth Jordan KONE KONÉ,fifa
Canada,FW,LARIN Cyle Cyle Christopher LARIN LARIN,fifa
Canada,FW,DAVID Jonathan Jonathan Christian DAVID J. DAVID,fifa
Canada,MF,MILLAR Liam Liam Alan MILLAR MILLAR,fifa
Canada,FW,OLUWASEYI Tani Tanitoluwa Oluwatimilehin OLUWASEYI OLUWASEYI,fifa
Canada,DF,CORNELIUS Derek Derek Austin CORNELIUS CORNELIUS,fifa
Canada,MF,SHAFFELBURG Jacob Jacob Everett SHAFFELBURG SHAFFELBURG,fifa
Canada,DF,BOMBITO Moise Moïse Bombito LUMPUNGU BOMBITO,fifa
Canada,GK,CREPEAU Maxime Maxime CRÉPEAU CRÉPEAU,fifa
Canada,FW,BUCHANAN Tajon Tajon Trevor BUCHANAN BUCHANAN,fifa
Canada,GK,GOODMAN Owen Owen Olamidayo GOODMAN GOODMAN,fifa
Canada,DF,DAVIES Alphonso Alphonso Boyle DAVIES DAVIES,fifa
Canada,FW,AHMED Ali Ali AHMED AHMED,fifa
Canada,MF,OSORIO Jonathan Jonathan OSORIO OSORIO,fifa
Canada,DF,LARYEA Richie Richmond Mamah LARYEA LARYEA,fifa
Canada,DF,SIGUR Niko Niko Kristian SIGUR SIGUR,fifa
Canada,FW,DAVID Promise Promise Oluwatobi Emmanuel DAVID PROMISE,fifa
Canada,MF,SALIBA Nathan Nathan-Dylan SALIBA SALIBA,fifa
Canada,FW,NELSON Jayden Jayden NELSON NELSON,fifa
Cape Verde,GK,VOZINHA Josimar José ÉVORA DIAS VOZINHA,fifa
Cape Verde,DF,STOPIRA Ianique DOS SANTOS TAVARES STOPIRA,fifa
Cape Verde,DF,DINEY BORGES Edilson Alberto MONTEIRO SANCHES BORGES BORGES,fifa
Cape Verde,DF,PICO LOPES Roberto Carlos LOPES LOPES,fifa
Cape Verde,DF,LOGAN COSTA Logan Evans COSTA COSTA,fifa
Cape Verde,MF,KEVIN PINA Kevin Lenini GONÇALVES PEREIRA DE PINA KEVIN L.,fifa
Cape Verde,MF,JOVANE CABRAL Jovane Eduardo BORGES CABRAL JOVANE,fifa
Cape Verde,MF,JOAO PAULO João Paulo MOREIRA FERNANDES JOÃO PAULO,fifa
Cape Verde,FW,GILSON BENCHIMOL Gilson BENCHIMOL TAVARES BENCHIMOL,fifa
Cape Verde,MF,JAMIRO MONTEIRO Jamiro Gregory MONTEIRO ALVARENGA MONTEIRO,fifa
Cape Verde,MF,GARRY RODRIGUES Garry MENDES RODRIGUES RODRIGUES,fifa
Cape Verde,GK,MARCIO ROSA Márcio Salomão BRAZÃO DA ROSA MARCIO,fifa
Cape Verde,DF,SIDNY LOPES CABRAL Sidny LOPES CABRAL LOPES CABRAL,fifa
Cape Verde,MF,DEROY DUARTE Deroy D'ENCARNAÇÃO DUARTE D. DUARTE,fifa
Cape Verde,MF,LAROS DUARTE Laros Michael D'ENCARNAÇÃO DUARTE L. DUARTE,fifa
Cape Verde,MF,YANNICK SEMEDO Jair SEMEDO MONTEIRO Y. SEMEDO,fifa
Cape Verde,MF,WILLY SEMEDO Willy Johnson SEMEDO AFONSO SEMEDO,fifa
Cape Verde,MF,TELMO ARCANJO Telmo Emanuel GOMES ARCANJO ARCANJO,fifa
Cape Verde,FW,DAILON LIVRAMENTO Dailon ROCHA LIVRAMENTO LIVRAMENTO,fifa
Cape Verde,FW,RYAN MENDES Ryan Isaac DA GRACA MENDES RYAN,fifa
Cape Verde,MF,NUNO DA COSTA Nuno Miguel DA COSTA JOIA DA COSTA,fifa
Cape Verde,DF,STEVEN MOREIRA Steven MOREIRA MOREIRA,fifa
Cape Verde,GK,CJ DOS SANTOS Carlos Joaquim ANTUNES DOS SANTOS DOS SANTOS,fifa
Cape Verde,DF,WAGNER PINA Wagner Fabricio CARDOSO DE PINA WAGNER P.,fifa
Cape Verde,DF,KELVIN PIRES Kelvin SPENCER PIRES KELVIN,fifa
Cape Verde,MF,HELIO VARELA Hélio Sandro OLIVEIRA ALVES VARELA HÉLIO,fifa
Colombia,GK,OSPINA David David OSPINA RAMIREZ OSPINA,fifa
Colombia,DF,MUNOZ Daniel Daniel MUÑOZ MEJIA D. MUÑOZ,fifa
Colombia,DF,LUCUMI Jhon Jhon Janer LUCUMI BONILLA J. LUCUMI,fifa
Colombia,DF,ARIAS Santiago Santiago ARIAS NARANJO ARIAS,fifa
Colombia,MF,CASTANO Kevin Kevin Duvan CASTAÑO GIL K. CASTAÑO,fifa
Colombia,MF,RIOS Richard Richard RÍOS MONTOYA RICHARD RIOS,fifa
Colombia,FW,DIAZ Luis Luis Fernando DÍAZ MARULANDA LUIS DIAZ,fifa
Colombia,MF,CARRASCAL Jorge Jorge Andres CARRASCAL GUARDO CARRASCAL,fifa
Colombia,FW,CORDOBA Jhon Jhon Andrés CÓRDOBA COPETE CORDOBA,fifa
Colombia,MF,RODRIGUEZ James James David RODRÍGUEZ RUBIO JAMES,fifa
Colombia,MF,ARIAS Jhon Jhon Adolfo ARIAS ANDRADE J. ARIAS,fifa
Colombia,GK,VARGAS Camilo Camilo Andres VARGAS GIL C. VARGAS,fifa
Colombia,DF,MINA Yerry Yerry Fernando MINA GONZALEZ Y. MINA,fifa
Colombia,DF,PUERTA Gustavo Gustavo Adolfo PUERTA MOLANO PUERTA,fifa
Colombia,MF,PORTILLA Juan Juan Camilo PORTILLA OROZCO PORTILLA,fifa
Colombia,MF,LERMA Jefferson Jefferson Andrés LERMA SOLIS J. LERMA,fifa
Colombia,DF,MOJICA Johan Johan Andrés MOJICA PALACIO J. MOJICA,fifa
Colombia,DF,DITTA Willer Willer Emilio DITTA PEREZ W. DITTA,fifa
Colombia,FW,HERNANDEZ Cucho Juan Camilo HERNANDEZ SUAREZ C. HERNANDEZ,fifa
Colombia,MF,QUINTERO Juan Juan Fernando QUINTERO PANIAGUA QUINTERO,fifa
Colombia,FW,CAMPAZ Jaminton Jaminton Leandro CAMPAZ CAMPAZ,fifa
Colombia,DF,MACHADO Deiver Deiver MACHADO MENA MACHADO,fifa
Colombia,DF,SANCHEZ Davinson Davinson SÁNCHEZ MINA SANCHEZ,fifa
Colombia,GK,MONTERO Alvaro Álvaro David MONTERO PERALES MONTERO,fifa
Colombia,FW,SUAREZ Luis Luis Javier SUÁREZ CHARRIS SUAREZ,fifa
Colombia,FW,GOMEZ Andres Carlos Andrés GÓMEZ HINESTROZA A. GOMEZ,fifa
Croatia,GK,LIVAKOVIC Dominik Dominik LIVAKOVIĆ LIVAKOVIĆ,fifa
Croatia,DF,STANISIC Josip Josip STANIŠIĆ STANIŠIĆ,fifa
Croatia,DF,PONGRACIC Marin Marin PONGRAČIĆ PONGRAČIĆ,fifa
Croatia,DF,GVARDIOL Josko Joško GVARDIOL GVARDIOL,fifa
Croatia,DF,CALETA-CAR Duje Duje ĆALETA-CAR ĆALETA-CAR,fifa
Croatia,DF,SUTALO Josip Josip ŠUTALO ŠUTALO,fifa
Croatia,MF,MORO Nikola Nikola MORO MORO,fifa
Croatia,MF,KOVACIC Mateo Mateo KOVAČIĆ KOVAČIĆ,fifa
Croatia,FW,KRAMARIC Andrej Andrej KRAMARIĆ KRAMARIĆ,fifa
Croatia,MF,MODRIC Luka Luka MODRIĆ MODRIĆ,fifa
Croatia,FW,BUDIMIR Ante Ante BUDIMIR BUDIMIR,fifa
Croatia,GK,PANDUR Ivor Ivor PANDUR PANDUR,fifa
Croatia,MF,VLASIC Nikola Nikola VLAŠIĆ VLAŠIĆ,fifa
Croatia,FW,PERISIC Ivan Ivan PERIŠIĆ PERIŠIĆ,fifa
Croatia,MF,PASALIC Mario Mario PAŠALIĆ PAŠALIĆ,fifa
Croatia,MF,BATURINA Martin Martin BATURINA BATURINA,fifa
Croatia,MF,SUCIC Petar Petar SUČIĆ P. SUČIĆ,fifa
Croatia,DF,JAKIC Kristijan Kristijan JAKIĆ JAKIĆ,fifa
Croatia,MF,FRUK Toni Toni FRUK FRUK,fifa
Croatia,FW,MATANOVIC Igor Igor MATANOVIĆ MATANOVIĆ,fifa
Croatia,MF,SUCIC Luka Luka SUČIĆ SUČIĆ,fifa
Croatia,DF,VUSKOVIC Luka Luka VUŠKOVIĆ VUŠKOVIĆ,fifa
Croatia,GK,KOTARSKI Dominik Dominik KOTARSKI KOTARSKI,fifa
Croatia,FW,PASALIC Marco Marco PAŠALIĆ M. PAŠALIĆ,fifa
Croatia,DF,ERLIC Martin Martin ERLIĆ ERLIĆ,fifa
Croatia,FW,MUSA Petar Petar MUSA MUSA,fifa
Curaçao,GK,ROOM Eloy Eloy Victor ROOM ROOM,fifa
Curaçao,DF,SAMBO Shurandy Shurandy Ruggerio SAMBO SAMBO,fifa
Curaçao,DF,GAARI Jurien Juriën Godfried Juan GAARI GAARI,fifa
Curaçao,DF,VAN EIJMA Roshon Róshón Felix Romar Jordan VAN EIJMA VAN EIJMA,fifa
Curaçao,DF,FLORANUS Sherel Sherel Constancio FLORANUS FLORANUS,fifa
Curaçao,MF,ROEMERATOE Godfried Godfried ROEMERATOE ROEMERATOE,fifa
Curaçao,MF,BACUNA Juninho Juninho Gracielo BACUNA J. BACUNA,fifa
Curaçao,MF,COMENENCIA Livano Livano Shyron Liomar COMENENCIA COMENENCIA,fifa
Curaçao,FW,LOCADIA Juergen Jürgen Leonardo LOCADIA LOCADIA,fifa
Curaçao,MF,BACUNA Leandro Leandro Jones Johan BACUNA L. BACUNA,fifa
Curaçao,FW,ANTONISSE Jeremy Jeremy Cornelis Jacobus ANTONISSE ANTONISSE,fifa
Curaçao,FW,HANSEN Sontje Misjonne Juniffer Naigelino HANSEN HANSEN,fifa
Curaçao,FW,NOSLIN Tyrese Tyrese Yurvencey NOSLIN NOSLIN,fifa
Curaçao,FW,GORRE Kenji Kenji Joël GORRÉ GORRÉ,fifa
Curaçao,MF,MARTHA Arjany Ar'jany Jainel Archenir MARTHA MARTHA,fifa
Curaçao,FW,MARGARITHA Jearl Jearl Erwin MARGARITHA MARGARITHA,fifa
Curaçao,FW,KUWAS Brandley Brandley Mack-Olien KUWAS KUWAS,fifa
Curaçao,DF,OBISPO Armando Armando Maria OBISPO OBISPO,fifa
Curaçao,FW,KASTANEER Gervane Gervane Zjandric Adonnis KASTANEER KASTANEER,fifa
Curaçao,DF,BRENET Joshua Joshua Benjamin BRENET BRENET,fifa
Curaçao,MF,CHONG Tahith Tahith Jose Girigorio Djorkaef CHONG CHONG,fifa
Curaçao,MF,FELIDA Kevin Kevin Antonio FELIDA FELIDA,fifa
Curaçao,DF,BAZOER Riechedly Riechedly Guillermo BAZOER BAZOER,fifa
Curaçao,DF,FONVILLE Deveron Deveron Lenny FONVILLE FONVILLE,fifa
Curaçao,GK,BODAK Tyrick Tyrick Jeremy BODAK BODAK,fifa
Curaçao,GK,DOORNBUSCH Trevor Trevor Irving DOORNBUSCH DOORNBUSCH,fifa
Czech Republic,GK,KOVAR Matej Matěj KOVÁŘ KOVÁŘ,fifa
Czech Republic,DF,ZIMA David David ZIMA ZIMA,fifa
Czech Republic,DF,HOLES Tomas Tomáš HOLEŠ HOLEŠ,fifa
Czech Republic,DF,HRANAC Robin Robin HRANÁČ HRANÁČ,fifa
Czech Republic,DF,COUFAL Vladimir Vladimír COUFAL COUFAL,fifa
Czech Republic,DF,CHALOUPEK Stepan Štěpán CHALOUPEK CHALOUPEK,fifa
Czech Republic,DF,KREJCI Ladislav Ladislav KREJČÍ KREJČÍ,fifa
Czech Republic,MF,DARIDA Vladimir Vladimír DARIDA DARIDA,fifa
Czech Republic,FW,HLOZEK Adam Adam HLOŽEK HLOŽEK,fifa
Czech Republic,FW,SCHICK Patrik Patrik SCHICK SCHICK,fifa
Czech Republic,FW,KUCHTA Jan Jan KUCHTA KUCHTA,fifa
Czech Republic,MF,CERV Lukas Lukáš ČERV ČERV,fifa
Czech Republic,FW,CHYTIL Mojmir Mojmír CHYTIL CHYTIL,fifa
Czech Republic,DF,JURASEK David David JURÁSEK JURÁSEK,fifa
Czech Republic,FW,SULC Pavel Pavel ŠULC ŠULC,fifa
Czech Republic,GK,STANEK Jindrich Jindřich STANĚK STANĚK,fifa
Czech Republic,MF,PROVOD Lukas Lukáš PROVOD PROVOD,fifa
Czech Republic,MF,SADILEK Michal Michal SADÍLEK SADÍLEK,fifa
Czech Republic,FW,CHORY Tomas Tomáš CHORÝ CHORÝ,fifa
Czech Republic,DF,ZELENY Jaroslav Jaroslav ZELENÝ ZELENÝ,fifa
Czech Republic,DF,DOUDERA David David DOUDĚRA DOUDĚRA,fifa
Czech Republic,MF,SOUCEK Tomas Tomáš SOUČEK SOUČEK,fifa
Czech Republic,GK,HORNICEK Lukas Lukáš HORNÍČEK HORNÍČEK,fifa
Czech Republic,MF,SOJKA Alexandr Alexandr SOJKA SOJKA,fifa
Czech Republic,MF,SOCHUREK Hugo Hugo SOCHŮREK SOCHŮREK,fifa
Czech Republic,FW,VISINSKY Denis Denis VIŠINSKÝ VIŠINSKÝ,fifa
DR Congo,GK,MPASI Lionel Lionel Nzau MPASI MPASI,fifa
DR Congo,DF,WAN-BISSAKA Aaron Wan BISSAKA WAN BISSAKA,fifa
DR Congo,DF,KAPUADI Steve Steve Nkanu KAPUADI KAPUADI,fifa
DR Congo,DF,TUANZEBE Axel Axel TUANZEBE TUANZEBE,fifa
DR Congo,DF,BATUBINSIKA Dylan Dylan Buduka BATUBINSIKA BATUBINSIKA,fifa
DR Congo,MF,MUKAU Ngalayel Ngal’ayel MUKAU MUKAU,fifa
DR Congo,MF,MBUKU Nathanael Nathanaël MBUKU MBUKU,fifa
DR Congo,MF,MOUTOUSSAMY Samuel Samuel Alain MOUTOUSSAMY MOUTOUSSAMY,fifa
DR Congo,FW,CIPENGA Brian Kibambe Brian CIPENGA CIPENGA,fifa
DR Congo,MF,BONGONDA Theo Theo Mbulofeko Batombo BONGONDA BONGONDA,fifa
DR Congo,FW,KAKUTA Gael Mambenga Gaël Roméo KAKUTA KAKUTA,fifa
DR Congo,DF,KAYEMBE Joris Joris KAYEMBE-DITU J. KAYEMBE,fifa
DR Congo,FW,ELIA Meschack Meschack Lina ELIA ELIA,fifa
DR Congo,MF,SADIKI Noah Noah Junior SADIKI SADIKI,fifa
DR Congo,MF,TSHIBOLA Aaron Tshibola AARON TSHIBOLA,fifa
DR Congo,GK,FAYULU Timothy Timothy Bruce Munzoko FAYULU FAYULU,fifa
DR Congo,FW,BAKAMBU Cedric Cedric BAKAMBU BAKAMBU,fifa
DR Congo,MF,PICKEL Charles Charles Monginda PICKEL PICKEL,fifa
DR Congo,FW,MAYELE Fiston Mayele Fiston KALALA MAYELE,fifa
DR Congo,FW,WISSA Yoane Yoane WISSA WISSA,fifa
DR Congo,GK,EPOLO Matthieu Matthieu Luka EPOLO EPOLO,fifa
DR Congo,DF,MBEMBA Chancel Mangulu Chancel MBEMBA MBEMBA,fifa
DR Congo,FW,BANZA Simon Simon Bokote BANZA BANZA,fifa
DR Congo,DF,KALULU Gedeon Gédéon Tchingoma Kyatengwa KALULU G. KALULU,fifa
DR Congo,MF,KAYEMBE Edo Edo Kayembe KAYEMBE KAYEMBE,fifa
DR Congo,DF,MASUAKU Arthur Arthur Fuka MASUAKU KAWELA MASUAKU,fifa
Ecuador,GK,GALINDEZ Hernan Hernán Ismael GALÍNDEZ GALINDEZ,fifa
Ecuador,DF,TORRES Felix Félix Eduardo TORRES CAICEDO TORRES,fifa
Ecuador,DF,HINCAPIE Piero Piero Martin HINCAPIÉ REYNA HINCAPIE,fifa
Ecuador,DF,ORDONEZ Joel Joel Leandro ORDÓÑEZ GUERRERO ORDÓÑEZ,fifa
Ecuador,MF,ALCIVAR Jordy Jordy Jose ALCÍVAR MACÍAS ALCIVAR,fifa
Ecuador,DF,PACHO Willian Willian Joel PACHO TENORIO PACHO,fifa
Ecuador,DF,ESTUPINAN Pervis Pervis Josue ESTUPIÑÁN TENORIO ESTUPIÑÁN,fifa
Ecuador,MF,VALENCIA Anthony Anthony Lenin VALENCIA BAJAÑA A. VALENCIA,fifa
Ecuador,FW,YEBOAH John John YEBOAH ZAMORA YEBOAH ZAMORA,fifa
Ecuador,MF,PAEZ Kendry Ray Kendry PAEZ ANDRADE PAEZ,fifa
Ecuador,FW,RODRIGUEZ Kevin Kevin Jose RODRÍGUEZ CORTEZ RODRIGUEZ,fifa
Ecuador,GK,RAMIREZ Moises Wellington Moisés RAMÍREZ PRECIADO RAMÍREZ,fifa
Ecuador,FW,VALENCIA Enner Enner Remberto VALENCIA LASTRA E. VALENCIA,fifa
Ecuador,MF,MINDA Alan Alan Steve MINDA GARCIA MINDA,fifa
Ecuador,MF,VITE Pedro Pedro Jeampierre VITE UCA VITE,fifa
Ecuador,FW,CAICEDO Jordy Jordy Josue CAICEDO MEDINA J. CAICEDO,fifa
Ecuador,DF,PRECIADO Angelo Ángelo Smit PRECIADO QUIÑONEZ PRECIADO,fifa
Ecuador,MF,CASTILLO Denil Denil Daniel CASTILLO PRECIADO CASTILLO,fifa
Ecuador,FW,PLATA Gonzalo Gonzalo Jordy PLATA JIMENEZ PLATA,fifa
Ecuador,FW,ANGULO Nilson Nilson David ANGULO RAMIREZ ANGULO,fifa
Ecuador,MF,FRANCO Alan Alan Steven FRANCO PALMA FRANCO,fifa
Ecuador,GK,VALLE Gonzalo Gonzalo Roberto VALLE BUSTAMANTE VALLE,fifa
Ecuador,MF,CAICEDO Moises Moisés Isaac CAICEDO COROZO M. CAICEDO,fifa
Ecuador,FW,AREVALO Jeremy Jeremy Alberto AREVALO MERA AREVALO,fifa
Ecuador,DF,POROZO Jackson Jackson Gabriel POROZO VERNAZA POROZO,fifa
Ecuador,DF,MEDINA Yaimar Yaimar Abel MEDINA ORTIZ MEDINA,fifa
Egypt,GK,MOHAMED ELSHENAWY Mohamed Elsayed Mohamed ELSHENAWY GOMAA M. ELSHENAWY,fifa
Egypt,DF,YASSER IBRAHIM Yasser Ahmed Ibrahim ELHANAFY YASSER,fifa
Egypt,DF,MOHAMED HANY Mohamed Hany Gamal ELDEMERDASH M. HANY,fifa
Egypt,DF,HOSSAM ABDELMAGUID Hossam Abdelmegeed Abdelsalam ABDELMEGEED HOSSAM,fifa
Egypt,DF,RAMY RABIA Ramy Hisham Abdelaziz Moustafa RABIA R. RABIAA,fifa
Egypt,DF,MOHAMED ABDELMONEIM Mohamed Abdelmoneim Elsayed M AHMED M. ABDELMONIEM,fifa
Egypt,FW,TREZEGUET Mahmoud Ahmed Ibrahim HASSAN M. TREZEGUET,fifa
Egypt,MF,EMAM ASHOUR Emam Ashour Metwaly ABDELGHANY E. ASHOUR,fifa
Egypt,FW,HAMZA ABDELKARIM Hamza Mohamed Abdelkarim E SELIM ABDELKARIM,fifa
Egypt,FW,MOHAMED SALAH Mohamed Salah Hamed Mahrous GHALY M. SALAH,fifa
Egypt,MF,MOSTAFA ZICO Mostafa Mohamed Zaky ABDELRAOUF ZICO,fifa
Egypt,FW,HAISSEM HASSAN Haissem Yousry Fouad A HASSAN H. HASSAN,fifa
Egypt,DF,AHMED FATOUH Ahmed Mohamed Aboelfetouh MOHAMED A. FATOUH,fifa
Egypt,MF,HAMDY FATHY Hamdy Fathy Abdelhalim ABDELFATTAH H. FATHY,fifa
Egypt,DF,KARIM HAFEZ Karim Hafez Ramadan SEIFELDIN K. HAFEZ,fifa
Egypt,GK,MAHDY SOLIMAN Mahdy Mohamed Soliman IBRAHIM M. SOLIMAN,fifa
Egypt,MF,MOHANAD LASHIN Mohanad Mostafa Ahmed A LASHIN M. LASHIN,fifa
Egypt,MF,NABIL DONGA Nabil Emad Aly Elmahdy ALY DONGA,fifa
Egypt,MF,MARAWAN ATTIA Marawan Attia Fahim GHALLAB M. ATTIA,fifa
Egypt,FW,IBRAHIM ADEL Ibrahim Adel Aly Mohamed HASSAN I. ADEL,fifa
Egypt,MF,MAHMOUD SABER Mahmoud Saber Abdelmohsen H ABDELMOHSEN M. SABER,fifa
Egypt,FW,OMAR MARMOUSH Omar Khaled Mohamed Abdelsalam MARMOUSH MARMOUSH,fifa
Egypt,GK,MOSTAFA SHOUBIR Mostafa Ahmed Abdelaziz Mohame SHOUBIR SHOUBIR,fifa
Egypt,DF,TAREK ALAA Tarek Alaa Abdelghaffar Abdel ELGEBALY T. ALAA,fifa
Egypt,FW,ZIZO Ahmed Mostafa Mohamed SAYED ZIZO,fifa
Egypt,GK,MOHAMED ALAA Mohamed Alaaeldin Soliman M AHMED M. ALAA,fifa
England,GK,PICKFORD Jordan Jordan Lee PICKFORD PICKFORD,fifa
England,DF,KONSA Ezri Ezri Ngoyo KONSA KONSA,fifa
England,DF,OREILLY Nico Nico O'REILLY O'REILLY,fifa
England,MF,RICE Declan Declan RICE RICE,fifa
England,DF,STONES John John STONES STONES,fifa
England,DF,GUEHI Marc Addji Keaninkin Marc-Isreal GUEHI GUÉHI,fifa
England,FW,SAKA Bukayo Bukayo Ayoyinka SAKA SAKA,fifa
England,MF,ANDERSON Elliot Elliot Junior ANDERSON ANDERSON,fifa
England,FW,KANE Harry Harry Edward KANE KANE,fifa
England,MF,BELLINGHAM Jude Jude Victor William BELLINGHAM BELLINGHAM,fifa
England,FW,RASHFORD Marcus Marcus RASHFORD RASHFORD,fifa
England,DF,Trevoh Chalobah,manual
England,GK,HENDERSON Dean Dean Bradley HENDERSON D. HENDERSON,fifa
England,MF,HENDERSON Jordan Jordan Brian HENDERSON HENDERSON,fifa
England,DF,BURN Dan Daniel Johnson BURN BURN,fifa
England,MF,MAINOO Kobbie Kobbie Boateng MAINOO MAINOO,fifa
England,MF,ROGERS Morgan Morgan Elliot ROGERS ROGERS,fifa
England,FW,GORDON Anthony Anthony Michael GORDON GORDON,fifa
England,FW,WATKINS Ollie Oliver George Arthur WATKINS WATKINS,fifa
England,FW,MADUEKE Noni Chukwunonso Azuka Tristan MADUEKE MADUEKE,fifa
England,MF,EZE Eberechi Eberechi Oluchi EZE EZE,fifa
England,FW,TONEY Ivan Ivan Benjamin Elijah TONEY TONEY,fifa
England,GK,TRAFFORD James James Harrington TRAFFORD TRAFFORD,fifa
England,DF,JAMES Reece Reece Lewis JAMES JAMES,fifa
England,DF,SPENCE Djed Diop Tehuti Djed-Hotep SPENCE SPENCE,fifa
England,DF,QUANSAH Jarell Jarell Amorin QUANSAH QUANSAH,fifa
France,GK,SAMBA Brice Brice Lauriche SAMBA SAMBA,fifa
France,DF,GUSTO Malo Malo Arthur GUSTO GUSTO,fifa
France,DF,DIGNE Lucas Lucas DIGNE DIGNE,fifa
France,DF,UPAMECANO Dayot Dayotchanculle Oswald UPAMECANO UPAMECANO,fifa
France,DF,KOUNDE Jules Jules Olivier KOUNDE KOUNDE,fifa
France,MF,KONE Manu Kouadio Emmanuel Boris KONE KONE,fifa
France,FW,DEMBELE Ousmane Masour Ousmane DEMBELE DEMBELE,fifa
France,MF,TCHOUAMENI Aurelien Aurélien Djani TCHOUAMENI TCHOUAMENI,fifa
France,FW,THURAM Marcus Marcus Lilian THURAM-ULIEN THURAM,fifa
France,FW,MBAPPE Kylian Kylian MBAPPE LOTTIN MBAPPE,fifa
France,FW,OLISE Michael Michael Akpovie OLISE OLISE,fifa
France,FW,BARCOLA Bradley Bradley Jean-Manuel Essolisa A BARCOLA BARCOLA,fifa
France,MF,KANTE Ngolo N'golo KANTE KANTE,fifa
France,MF,RABIOT Adrien Adrien Thibault Marie RABIOT RABIOT,fifa
France,DF,KONATE Ibrahima Ibrahima KONATÉ KONATE,fifa
France,GK,MAIGNAN Mike Mike Peterson MAIGNAN MAIGNAN,fifa
France,DF,SALIBA William William Alain André Gabriel SALIBA SALIBA,fifa
France,MF,ZAIRE-EMERY Warren Warren Marie Jean-Pierre ZAÏRE-EMERY ZAIRE EMERY,fifa
France,DF,HERNANDEZ Theo Théo Bernard François HERNANDEZ T. HERNANDEZ,fifa
France,FW,DOUE Desire Désiré Nonka-Maho DOUE DOUE,fifa
France,DF,HERNANDEZ Lucas Lucas Francois Bernard HERNANDEZ L. HERNANDEZ,fifa
France,FW,MATETA Jean-Philippe Jean-Philippe MATETA MATETA,fifa
France,GK,RISSER Robin Robin François Philippe RISSER RISSER,fifa
France,MF,CHERKI Rayan Mathis Rayan CHERKI CHERKI,fifa
France,MF,AKLIOUCHE Maghnes Maghnes AKLIOUCHE AKLIOUCHE,fifa
France,DF,LACROIX Maxence Maxence Guy LACROIX LACROIX,fifa
Germany,GK,NEUER Manuel Manuel Peter NEUER NEUER,fifa
Germany,DF,RUEDIGER Antonio Antonio RÜDIGER RÜDIGER,fifa
Germany,DF,ANTON Waldemar Waldemar ANTON ANTON,fifa
Germany,DF,TAH Jonathan Jonathan Glao TAH TAH,fifa
Germany,MF,PAVLOVIC Aleksandar Aleksandar PAVLOVIĆ PAVLOVIĆ,fifa
Germany,DF,KIMMICH Joshua Joshua Walter KIMMICH KIMMICH,fifa
Germany,FW,HAVERTZ Kai Kai Lukas HAVERTZ HAVERTZ,fifa
Germany,MF,GORETZKA Leon Leon Christoph GORETZKA GORETZKA,fifa
Germany,MF,LEWELING Jamie Jamie Jaleel Jeremy LEWELING LEWELING,fifa
Germany,MF,MUSIALA Jamal Jamal MUSIALA MUSIALA,fifa
Germany,FW,WOLTEMADE Nick Nick WOLTEMADE WOLTEMADE,fifa
Germany,GK,BAUMANN Oliver Oliver BAUMANN BAUMANN,fifa
Germany,MF,GROSS Pascal Pascal Alexander GROß GROß,fifa
Germany,FW,BEIER Maximilian Maximilian BEIER BEIER,fifa
Germany,DF,SCHLOTTERBECK Nico Nico Cédric SCHLOTTERBECK SCHLOTTERBECK,fifa
Germany,MF,STILLER Angelo Angelo Nicolas STILLER STILLER,fifa
Germany,MF,WIRTZ Florian Florian Richard WIRTZ WIRTZ,fifa
Germany,DF,BROWN Nathaniel Nathaniel Christopher BROWN BROWN,fifa
Germany,MF,SANE Leroy Leroy Aziz SANÉ SANÉ,fifa
Germany,MF,AMIRI Nadiem Nadiem AMIRI AMIRI,fifa
Germany,GK,NUEBEL Alexander Alexander NÜBEL NÜBEL,fifa
Germany,DF,RAUM David David RAUM RAUM,fifa
Germany,MF,NMECHA Felix Felix Kalu NMECHA NMECHA,fifa
Germany,DF,THIAW Malick Malick THIAW THIAW,fifa
Germany,MF,OUEDRAOGO Assan Forzan Assan OUÉDRAOGO OUÉDRAOGO,fifa
Germany,FW,UNDAV Deniz Deniz UNDAV UNDAV,fifa
Ghana,GK,ZIGI Lawrence Ati Lawrence Ati ZIGI ZIGI,fifa
Ghana,DF,SEIDU Alidu Alidu SEIDU SEIDU,fifa
Ghana,MF,YIRENKYI Caleb Caleb Marfo YIRENKYI CALEB,fifa
Ghana,DF,ADJETEY Jonas Jonas Adjei ADJETEY ADJETEY,fifa
Ghana,MF,PARTEY Thomas Thomas Teye PARTEY THOMAS,fifa
Ghana,DF,MUMIN Abdul Abdul Mumin SULEMAN SULEMAN,fifa
Ghana,FW,FATAWU Abdul Abdul Fatawu ISSAHAKU FATAWU,fifa
Ghana,MF,SIBO Kwasi Kwasi SIBO SIBO,fifa
Ghana,FW,AYEW Jordan Jordan Pierre AYEW AYEW,fifa
Ghana,FW,THOMAS-ASANTE Brandon Solomon Brandon Michael Clarke THOMAS-ASANTE ASANTE,fifa
Ghana,MF,SEMENYO Antoine Antoine Serlom SEMENYO SEMENYO,fifa
Ghana,GK,ANANG Joseph Joseph Tetteh ANANG ANANG,fifa
Ghana,FW,BAAH Christopher Bonsu Christopher Bonsu BAAH BAAH,fifa
Ghana,DF,MENSAH Gideon Gideon MENSAH MENSAH,fifa
Ghana,MF,OWUSU Elisha Elisha OWUSU OWUSU,fifa
Ghana,GK,ASARE Benjamin Benjamin ASARE ASARE,fifa
Ghana,DF,RAHMAN Baba Abdul Rahaman BABA BABA,fifa
Ghana,DF,OPOKU Jerome Jerome OPOKU OPOKU,fifa
Ghana,FW,WILLIAMS Inaki Inaki WILLIAMS ARTHUER WILLIAMS,fifa
Ghana,MF,BOAKYE Augustine Augustine BOAKYE BOAKYE,fifa
Ghana,DF,OPPONG Kojo Peprah Kojo Peprah OPPONG PEPRAH,fifa
Ghana,FW,SULEMANA Kamaldeen Kamal Deen SULEMANA KAMALDEEN,fifa
Ghana,DF,LUCKASSEN Derrick Derrick LUCKASSEN LUCKASSEN,fifa
Ghana,FW,NUAMAH Ernest Ernest Nuamah APPIAH NUAMAH,fifa
Ghana,FW,ADU Prince Prince Kwabena ADU ADU,fifa
Ghana,DF,SENAYA Marvin Marvin Elom SENAYA SENEYA,fifa
Haiti,GK,PLACIDE Johny Johny PLACIDE PLACIDE,fifa
Haiti,DF,ARCUS Carlens Carlens Jean Fedlaire Ruby ARCUS ARCUS,fifa
Haiti,DF,THERMONCY Keeto Keeto THERMONCY THERMONCY,fifa
Haiti,DF,ADE Ricardo Ricardo ADE ADE,fifa
Haiti,DF,DELCROIX Hannes Hannes Piterson D DELCROIX DELCROIX,fifa
Haiti,MF,SAINTE Carl Carl Fred SAINTE SAINTE,fifa
Haiti,FW,ETIENNE Derrick Derrick Burckley ETIENNE JR ETIENNE JR,fifa
Haiti,DF,EXPERIENCE Martin Martin Yves Roberns Didier EXPERIENCE EXPERIENCE,fifa
Haiti,FW,NAZON Duckens Duckens NAZON NAZON,fifa
Haiti,MF,BELLEGARDE Jean-Ricner Jean Ricner BELLEGARDE BELLEGARDE,fifa
Haiti,FW,DEEDSON Louicius Don Deedson LOUICIUS DEEDSON,fifa
Haiti,GK,PIERRE Alexandre Alexandre Jr PIERRE A. PIERRE,fifa
Haiti,DF,LACROIX Markhus Markhus LACROIX LACROIX,fifa
Haiti,MF,PIERRE Leverton Leverton PIERRE L. PIERRE,fifa
Haiti,FW,PROVIDENCE Ruben Ruben Fritzner PROVIDENCE PROVIDENCE,fifa
Haiti,FW,JOSEPH Lenny Lenny Alvin Pico JOSEPH JOSEPH,fifa
Haiti,MF,JEAN JACQUES Danley Danley JEAN JACQUES JEAN JACQUES,fifa
Haiti,FW,ISIDOR Wilson Wilson ISIDOR ISIDOR,fifa
Haiti,FW,FORTUNE Yassin Yassin Enzo FORTUNE FORTUNE,fifa
Haiti,FW,PIERROT Frantzdy Frantzdy PIERROT PIERROT,fifa
Haiti,FW,CASIMIR Josue Josue Jeremie CASIMIR CASIMIR,fifa
Haiti,DF,DUVERNE Jean-Kevin Jean-Kévin DUVERNE DUVERNE,fifa
Haiti,GK,DUVERGER Josue Josue DUVERGER DUVERGER,fifa
Haiti,DF,PAUGAIN Wilguens Wilguens Raphael Polynice PAUGAIN PAUGIN,fifa
Haiti,MF,SIMON Dominique Dominique Celidor SIMON SIMON,fifa
Haiti,MF,PIERRE Woodensky Olivier Woodensky PIERRE W. PIERRE,fifa
Iran,GK,Alireza Beiranvand,wiki
Iran,DF,Saleh Hardani,wiki
Iran,DF,Ehsan Hajsafi,wiki
Iran,DF,Shojae Khalilzadeh,wiki
Iran,DF,Milad Mohammadi,wiki
Iran,MF,Saeid Ezatolahi,wiki
Iran,MF,Alireza Jahanbakhsh,wiki
Iran,MF,Mohammad Mohebi,wiki
Iran,FW,Mehdi Taremi,wiki
Iran,FW,Mehdi Ghayedi,wiki
Iran,FW,Ali Alipour,wiki
Iran,GK,Payam Niazmand,wiki
Iran,DF,Hossein Kanaanizadegan,wiki
Iran,MF,Saman Ghoddos,wiki
Iran,MF,Rouzbeh Cheshmi,wiki
Iran,MF,Mehdi Torabi,wiki
Iran,DF,Aria Yousefi,wiki
Iran,FW,Amirhossein Hosseinzadeh,wiki
Iran,DF,Ali Nemati,wiki
Iran,FW,Shahriyar Moghanlou,wiki
Iran,MF,Mohammad Ghorbani,wiki
Iran,GK,Hossein Hosseini,wiki
Iran,DF,Ramin Rezaeian,wiki
Iran,FW,Dennis Eckert,wiki
Iran,DF,Danial Eiri,wiki
Iran,MF,Amirmohammad Razzaghinia,wiki
Iraq,GK,Fahad Talib,wiki
Iraq,DF,Rebin Sulaka,wiki
Iraq,DF,Hussein Ali,wiki
Iraq,DF,Zaid Tahseen,wiki
Iraq,DF,Akam Hashim,wiki
Iraq,DF,Manaf Younis,wiki
Iraq,MF,Youssef Amyn,wiki
Iraq,MF,Ibrahim Bayesh,wiki
Iraq,FW,Ali Al-Hamadi,wiki
Iraq,FW,Mohanad Ali,wiki
Iraq,FW,Ahmed Qasem,wiki
Iraq,GK,Jalal Hassan,wiki
Iraq,FW,Ali Yousif,wiki
Iraq,MF,Zidane Iqbal,wiki
Iraq,DF,Ahmed Maknzi,wiki
Iraq,MF,Amir Al-Ammari,wiki
Iraq,FW,Ali Jasim,wiki
Iraq,FW,Aymen Hussein,wiki
Iraq,MF,Kevin Yakob,wiki
Iraq,MF,Aimar Sher,wiki
Iraq,FW,Marko Farji,wiki
Iraq,GK,Ahmed Basil,wiki
Iraq,DF,Merchas Doski,wiki
Iraq,MF,Zaid Ismail,wiki
Iraq,DF,Mustafa Saadoon,wiki
Iraq,DF,Frans Putros,wiki
Ivory Coast,GK,FOFANA Yahia Yahia FOFANA Y. FOFANA,fifa
Ivory Coast,DF,DIOMANDE Ousmane Ousmane DIOMANDE O. DIOMANDE,fifa
Ivory Coast,DF,KONAN Ghislain N'clomande Ghislain KONAN G. KONAN,fifa
Ivory Coast,MF,SERI Jean Michael Jean Michael SERI SERI,fifa
Ivory Coast,DF,SINGO Wilfried Wilfried Stephane SINGO SINGO,fifa
Ivory Coast,MF,FOFANA Seko Seko Mohamed FOFANA FOFANA,fifa
Ivory Coast,DF,KOSSOUNOU Odilon Kouakou Odilon Dorgeless KOSSOUNOU KOSSOUNOU,fifa
Ivory Coast,MF,KESSIE Franck Franck Yannick KESSIE KESSIE,fifa
Ivory Coast,FW,BONNY Ange-Yoan Ange-Yoan Laurent BONNY BONNY,fifa
Ivory Coast,FW,ADINGRA Simon Simon ADINGRA ADINGRA,fifa
Ivory Coast,FW,DIOMANDE Yan Yan DIOMANDE YAN DIOMANDE,fifa
Ivory Coast,FW,WAHI Elye Sepe Elye Delmas WAHI WAHI,fifa
Ivory Coast,DF,OPERI Christopher Christopher Tea Domoraud OPERI OPERI,fifa
Ivory Coast,FW,DIAKITE Oumar Oumar DIAKITE DIAKITE,fifa
Ivory Coast,FW,DIALLO Amad Amad DIALLO AMAD,fifa
Ivory Coast,GK,KONE Mohamed Mohamed KONE KONE,fifa
Ivory Coast,DF,DOUE Guela Guela Maho-Lewis DOUE G. DOUE,fifa
Ivory Coast,MF,SANGARE Ibrahim Ibrahim SANGARE SANGARE,fifa
Ivory Coast,FW,PEPE Nicolas Nicolas PEPE PEPE,fifa
Ivory Coast,DF,AGBADOU Emmanuel Badobre Emmanuel Elysee Djedje AGBADOU AGBADOU,fifa
Ivory Coast,DF,NDICKA Evan Obite Evan NDICKA NDICKA,fifa
Ivory Coast,FW,GUESSAND Evann Evann Ludovic Vidjannagni GUESSAND GUESSAND,fifa
Ivory Coast,GK,LAFONT Alban Alban-Marc LAFONT LAFONT,fifa
Ivory Coast,FW,TOURE Bazoumana Bazoumana TOURE TOURE,fifa
Ivory Coast,MF,GUIAGON Parfait Parfait GUIAGON GUIAGON,fifa
Ivory Coast,MF,OULAI Christ Inao Christ Ravynel Inao OULAI INAO,fifa
Japan,GK,Zion Suzuki,wiki
Japan,DF,Yukinari Sugawara,wiki
Japan,DF,Shōgo Taniguchi,wiki
Japan,DF,Kō Itakura,wiki
Japan,DF,Yūto Nagatomo,wiki
Japan,MF,Shuto Machino,manual
Japan,MF,Ao Tanaka,wiki
Japan,MF,Takefusa Kubo,wiki
Japan,FW,Keisuke Gotō,wiki
Japan,MF,Ritsu Dōan,wiki
Japan,FW,Daizen Maeda,wiki
Japan,GK,Keisuke Ōsako,wiki
Japan,MF,Keito Nakamura,wiki
Japan,MF,Junya Itō,wiki
Japan,MF,Daichi Kamada,wiki
Japan,DF,Tsuyoshi Watanabe,wiki
Japan,FW,Yuito Suzuki,wiki
Japan,FW,Ayase Ueda,wiki
Japan,FW,Kōki Ogawa,wiki
Japan,DF,Ayumu Seko,wiki
Japan,DF,Hiroki Itō,wiki
Japan,DF,Takehiro Tomiyasu,wiki
Japan,GK,Tomoki Hayakawa,wiki
Japan,MF,Kaishū Sano,wiki
Japan,DF,Junnosuke Suzuki,wiki
Japan,FW,Kento Shiogai,wiki
Jordan,GK,Yazeed Abulaila,wiki
Jordan,DF,Mohammad Abu Hashish,wiki
Jordan,DF,Abdallah Nasib,wiki
Jordan,DF,Husam Abu Dahab,wiki
Jordan,DF,Yazan Al-Arab,wiki
Jordan,MF,Amer Jamous,wiki
Jordan,FW,Mohammad Abu Zrayq,wiki
Jordan,MF,Noor Al-Rawabdeh,wiki
Jordan,FW,Ali Olwan,wiki
Jordan,FW,Musa Al-Taamari,wiki
Jordan,FW,Odeh Al-Fakhouri,wiki
Jordan,GK,Nour Bani Attiah,wiki
Jordan,FW,Mahmoud Al-Mardi,wiki
Jordan,MF,Rajaei Ayed,wiki
Jordan,MF,Ibrahim Sadeh,wiki
Jordan,DF,Mo Abualnadi,wiki
Jordan,DF,Salim Obaid,wiki
Jordan,MF,Mohammad Taha,wiki
Jordan,DF,Saed Al-Rosan,wiki
Jordan,MF,Mohannad Abu Taha,wiki
Jordan,MF,Nizar Al-Rashdan,wiki
Jordan,GK,Abdallah Al-Fakhouri,wiki
Jordan,DF,Ihsan Haddad,wiki
Jordan,FW,Ali Azaizeh,wiki
Jordan,MF,Mohammad Al-Dawoud,wiki
Jordan,DF,Anas Badawi,wiki
Mexico,GK,Guillermo Ochoa,wiki
Mexico,GK,Raúl Rangel,wiki
Mexico,GK,Carlos Acevedo,wiki
Mexico,DF,Jesús Gallardo,wiki
Mexico,DF,César Montes,wiki
Mexico,DF,Jorge Sánchez,wiki
Mexico,DF,Johan Vásquez,wiki
Mexico,DF,Israel Reyes,wiki
Mexico,DF,Mateo Chávez,wiki
Mexico,MF,Edson Álvarez,wiki
Mexico,MF,Orbelín Pineda,wiki
Mexico,MF,Roberto Alvarado,wiki
Mexico,MF,Luis Romo,wiki
Mexico,MF,Luis Chávez,wiki
Mexico,MF,Érik Lira,wiki
Mexico,MF,Gilberto Mora,wiki
Mexico,MF,Brian Gutiérrez,wiki
Mexico,MF,Obed Vargas,wiki
Mexico,MF,Álvaro Fidalgo,wiki
Mexico,FW,Raúl Jiménez,wiki
Mexico,FW,Alexis Vega,wiki
Mexico,FW,Santiago Giménez,wiki
Mexico,FW,César Huerta,wiki
Mexico,FW,Julián Quiñones,wiki
Mexico,FW,Guillermo Martínez,wiki
Mexico,FW,Armando González,wiki
Morocco,GK,Yassine Bounou,wiki
Morocco,GK,Munir Mohamedi,wiki
Morocco,GK,Ahmed Reda Tagnaouti,wiki
Morocco,DF,Achraf Hakimi,wiki
Morocco,DF,Marwane Saadane,manual
Morocco,DF,Noussair Mazraoui,wiki
Morocco,DF,Youssef Belammari,wiki
Morocco,DF,Anass Salah-Eddine,wiki
Morocco,DF,Chadi Riad,wiki
Morocco,DF,Issa Diop,wiki
Morocco,DF,Zakaria El Ouahdi,wiki
Morocco,DF,Redouane Halhal,wiki
Morocco,MF,Sofyan Amrabat,wiki
Morocco,MF,Azzedine Ounahi,wiki
Morocco,MF,Bilal El Khannouss,wiki
Morocco,MF,Ismael Saibari,wiki
Morocco,MF,Neil El Aynaoui,wiki
Morocco,MF,Samir El Mourabet,wiki
Morocco,MF,Ayyoub Bouaddi,wiki
Morocco,FW,Ayoub El Kaabi,wiki
Morocco,FW,Soufiane Rahimi,wiki
Morocco,FW,Amine Sbai,manual
Morocco,FW,Brahim Díaz,wiki
Morocco,FW,Chemsdine Talbi,wiki
Morocco,FW,Gessime Yassine,wiki
Morocco,FW,Ayoube Amaimouni,wiki
Netherlands,GK,Bart Verbruggen,wiki
Netherlands,GK,Mark Flekken,wiki
Netherlands,GK,Robin Roefs,wiki
Netherlands,DF,Virgil van Dijk,wiki
Netherlands,DF,Denzel Dumfries,wiki
Netherlands,DF,Nathan Aké,wiki
Netherlands,DF,Lutsharel Geertruida,manual
Netherlands,DF,Micky van de Ven,wiki
Netherlands,DF,Mats Wieffer,wiki
Netherlands,DF,Jan Paul van Hecke,wiki
Netherlands,DF,Jorrel Hato,wiki
Netherlands,MF,Frenkie de Jong,wiki
Netherlands,MF,Marten de Roon,wiki
Netherlands,MF,Tijjani Reijnders,wiki
Netherlands,MF,Teun Koopmeiners,wiki
Netherlands,MF,Ryan Gravenberch,wiki
Netherlands,MF,Justin Kluivert,wiki
Netherlands,MF,Quinten Timber,wiki
Netherlands,MF,Guus Til,wiki
Netherlands,FW,Memphis Depay,wiki
Netherlands,FW,Wout Weghorst,wiki
Netherlands,FW,Donyell Malen,wiki
Netherlands,FW,Cody Gakpo,wiki
Netherlands,FW,Noa Lang,wiki
Netherlands,FW,Brian Brobbey,wiki
Netherlands,FW,Crysencio Summerville,wiki
New Zealand,GK,Max Crocombe,wiki
New Zealand,DF,Tim Payne,wiki
New Zealand,DF,Francis de Vries,wiki
New Zealand,DF,Tyler Bindon,wiki
New Zealand,DF,Michael Boxall,wiki
New Zealand,MF,Joe Bell,wiki
New Zealand,MF,Matthew Garbett,wiki
New Zealand,MF,Marko Stamenić,wiki
New Zealand,FW,Chris Wood,wiki
New Zealand,MF,Sarpreet Singh,wiki
New Zealand,MF,Elijah Just,wiki
New Zealand,GK,Alex Paulsen,wiki
New Zealand,DF,Liberato Cacace,wiki
New Zealand,MF,Alex Rufer,wiki
New Zealand,DF,Nando Pijnaker,wiki
New Zealand,DF,Finn Surman,wiki
New Zealand,FW,Kosta Barbarouses,wiki
New Zealand,FW,Ben Waine,wiki
New Zealand,MF,Ben Old,wiki
New Zealand,MF,Callum McCowatt,wiki
New Zealand,FW,Jesse Randall,wiki
New Zealand,GK,Michael Woud,wiki
New Zealand,MF,Ryan Thomas,wiki
New Zealand,DF,Callan Elliot,wiki
New Zealand,MF,Lachlan Bayliss,wiki
New Zealand,DF,Tommy Smith,wiki
Norway,GK,Ørjan Nyland,wiki
Norway,MF,Morten Thorsby,wiki
Norway,DF,Kristoffer Ajer,wiki
Norway,DF,Leo Østigård,wiki
Norway,DF,David Møller Wolfe,wiki
Norway,MF,Patrick Berg,wiki
Norway,FW,Alexander Sørloth,wiki
Norway,MF,Sander Berge,wiki
Norway,FW,Erling Haaland,wiki
Norway,MF,Martin Ødegaard,wiki
Norway,FW,Jørgen Strand Larsen,wiki
Norway,GK,Sander Tangvik,wiki
Norway,GK,Egil Selvik,wiki
Norway,MF,Fredrik Aursnes,wiki
Norway,DF,Fredrik André Bjørkan,wiki
Norway,DF,Marcus Holmgren Pedersen,wiki
Norway,DF,Torbjørn Heggem,wiki
Norway,MF,Kristian Thorstvedt,wiki
Norway,MF,Thelo Aasgaard,wiki
Norway,MF,Antonio Nusa,wiki
Norway,MF,Andreas Schjelderup,wiki
Norway,MF,Oscar Bobb,wiki
Norway,MF,Jens Petter Hauge,wiki
Norway,DF,Sondre Langås,wiki
Norway,DF,Henrik Falchener,wiki
Norway,DF,Julian Ryerson,wiki
Panama,GK,Luis Mejía,wiki
Panama,DF,César Blackman,wiki
Panama,DF,José Córdoba,wiki
Panama,DF,Fidel Escobar,wiki
Panama,DF,Edgardo Fariña,wiki
Panama,MF,Cristian Martínez,wiki
Panama,MF,José Luis Rodríguez,wiki
Panama,MF,Adalberto Carrasquilla,wiki
Panama,FW,Tomás Rodríguez,wiki
Panama,MF,Ismael Díaz,wiki
Panama,MF,Yoel Bárcenas,wiki
Panama,GK,César Samudio,wiki
Panama,DF,Jiovany Ramos,wiki
Panama,DF,Carlos Harvey,wiki
Panama,DF,Eric Davis,wiki
Panama,DF,Andrés Andrade,wiki
Panama,FW,José Fajardo,wiki
Panama,FW,Cecilio Waterman,wiki
Panama,MF,Alberto Quintero,wiki
Panama,MF,Aníbal Godoy,wiki
Panama,MF,César Yanis,wiki
Panama,GK,Orlando Mosquera,wiki
Panama,DF,Michael Amir Murillo,wiki
Panama,FW,Azarias Londoño,wiki
Panama,DF,Roderick Miller,wiki
Panama,DF,Jorge Gutiérrez,wiki
Paraguay,GK,Gatito Fernández,wiki
Paraguay,GK,Orlando Gill,wiki
Paraguay,GK,Gastón Olveira,wiki
Paraguay,DF,Gustavo Gómez,wiki
Paraguay,DF,Júnior Alonso,wiki
Paraguay,DF,Fabián Balbuena,wiki
Paraguay,DF,Omar Alderete,wiki
Paraguay,DF,Juan José Cáceres,wiki
Paraguay,DF,Gustavo Velázquez,wiki
Paraguay,DF,José Canale,wiki
Paraguay,DF,Alexandro Maidana,wiki
Paraguay,MF,Miguel Almirón,wiki
Paraguay,MF,Kaku,wiki
Paraguay,MF,Andrés Cubas,wiki
Paraguay,MF,Ramón Sosa,wiki
Paraguay,MF,Diego Gómez,wiki
Paraguay,MF,Damián Bobadilla,wiki
Paraguay,MF,Braian Ojeda,wiki
Paraguay,MF,Matías Galarza,wiki
Paraguay,MF,Maurício,wiki
Paraguay,FW,Antonio Sanabria,wiki
Paraguay,FW,Julio Enciso,wiki
Paraguay,FW,Gabriel Ávalos,wiki
Paraguay,FW,Álex Arce,wiki
Paraguay,FW,Isidro Pitta,wiki
Paraguay,FW,Gustavo Caballero,wiki
Portugal,GK,Diogo Costa,wiki
Portugal,DF,Nélson Semedo,wiki
Portugal,DF,Rúben Dias,wiki
Portugal,DF,Tomás Araújo,wiki
Portugal,DF,Diogo Dalot,wiki
Portugal,MF,Matheus Nunes,wiki
Portugal,FW,Cristiano Ronaldo,wiki
Portugal,MF,Bruno Fernandes,wiki
Portugal,FW,Gonçalo Ramos,wiki
Portugal,MF,Bernardo Silva,wiki
Portugal,FW,João Félix,wiki
Portugal,GK,José Sá,wiki
Portugal,DF,Renato Veiga,wiki
Portugal,DF,Gonçalo Inácio,wiki
Portugal,MF,João Neves,wiki
Portugal,FW,Francisco Trincão,wiki
Portugal,FW,Rafael Leão,wiki
Portugal,FW,Pedro Neto,wiki
Portugal,FW,Gonçalo Guedes,wiki
Portugal,DF,João Cancelo,wiki
Portugal,MF,Rúben Neves,wiki
Portugal,GK,Rui Silva,wiki
Portugal,MF,Vitinha,wiki
Portugal,DF,Samú Costa,wiki
Portugal,DF,Nuno Mendes,wiki
Portugal,FW,Francisco Conceição,wiki
Qatar,GK,Mahmud Abunada,wiki
Qatar,DF,Pedro Miguel,wiki
Qatar,DF,Lucas Mendes,wiki
Qatar,DF,Issa Laye,wiki
Qatar,MF,Jassem Gaber,wiki
Qatar,MF,Abdulaziz Hatem,wiki
Qatar,FW,Ahmed Alaaeldin,wiki
Qatar,FW,Edmilson Junior,wiki
Qatar,FW,Mohammed Muntari,wiki
Qatar,FW,Hassan Al-Haydos,wiki
Qatar,FW,Akram Afif,wiki
Qatar,MF,Karim Boudiaf,wiki
Qatar,DF,Ayoub Al-Oui,wiki
Qatar,DF,Homam Ahmed,wiki
Qatar,FW,Yusuf Abdurisag,wiki
Qatar,DF,Boualem Khoukhi,wiki
Qatar,FW,Ahmed Al-Ganehi,wiki
Qatar,DF,Sultan Al-Brake,wiki
Qatar,FW,Almoez Ali,wiki
Qatar,MF,Ahmed Fathy,wiki
Qatar,GK,Salah Zakaria,wiki
Qatar,GK,Meshaal Barsham,wiki
Qatar,MF,Assim Madibo,wiki
Qatar,FW,Tahsin Jamshid,wiki
Qatar,DF,Al-Hashmi Al-Hussain,wiki
Qatar,MF,Mohamed Al-Mannai,wiki
Saudi Arabia,GK,Nawaf Al-Aqidi,wiki
Saudi Arabia,DF,Ali Majrashi,wiki
Saudi Arabia,DF,Ali Lajami,wiki
Saudi Arabia,DF,Abdulelah Al-Amri,wiki
Saudi Arabia,DF,Hassan Al-Tambakti,wiki
Saudi Arabia,MF,Nasser Al-Dawsari,wiki
Saudi Arabia,MF,Musab Al-Juwayr,wiki
Saudi Arabia,FW,Ayman Yahya,wiki
Saudi Arabia,FW,Firas Al-Buraikan,wiki
Saudi Arabia,FW,Salem Al-Dawsari,wiki
Saudi Arabia,FW,Saleh Al-Shehri,wiki
Saudi Arabia,DF,Saud Abdulhamid,wiki
Saudi Arabia,DF,Nawaf Boushal,wiki
Saudi Arabia,DF,Hassan Kadesh,wiki
Saudi Arabia,MF,Abdullah Al-Khaibari,wiki
Saudi Arabia,MF,Ziyad Al-Johani,wiki
Saudi Arabia,FW,Khalid Al-Ghannam,wiki
Saudi Arabia,MF,Alaa Al-Hejji,wiki
Saudi Arabia,FW,Abdullah Al-Hamdan,wiki
Saudi Arabia,FW,Sultan Mandash,wiki
Saudi Arabia,GK,Mohammed Al-Owais,wiki
Saudi Arabia,GK,Ahmed Al-Kassar,wiki
Saudi Arabia,MF,Mohamed Kanno,wiki
Saudi Arabia,DF,Moteb Al-Harbi,wiki
Saudi Arabia,DF,Jehad Thakri,wiki
Saudi Arabia,DF,Mohammed Abu Al-Shamat,wiki
Scotland,GK,Craig Gordon,wiki
Scotland,GK,Angus Gunn,wiki
Scotland,GK,Liam Kelly,wiki
Scotland,DF,Andy Robertson,wiki
Scotland,DF,Grant Hanley,wiki
Scotland,DF,Kieran Tierney,wiki
Scotland,DF,Scott McKenna,wiki
Scotland,DF,Jack Hendry,wiki
Scotland,DF,Nathan Patterson,wiki
Scotland,DF,Anthony Ralston,wiki
Scotland,DF,John Souttar,wiki
Scotland,DF,Aaron Hickey,wiki
Scotland,DF,Dominic Hyam,wiki
Scotland,MF,John McGinn,wiki
Scotland,MF,Scott McTominay,wiki
Scotland,MF,Ryan Christie,wiki
Scotland,MF,Kenny McLean,wiki
Scotland,MF,Lewis Ferguson,wiki
Scotland,MF,Ben Gannon-Doak,wiki
Scotland,MF,Findlay Curtis,wiki
Scotland,MF,Tyler Fletcher,wiki
Scotland,FW,Lyndon Dykes,wiki
Scotland,FW,Ché Adams,wiki
Scotland,FW,Lawrence Shankland,wiki
Scotland,FW,George Hirst,wiki
Scotland,FW,Ross Stewart,wiki
Senegal,GK,Yehvann Diouf,wiki
Senegal,DF,Mamadou Sarr,wiki
Senegal,DF,Kalidou Koulibaly,wiki
Senegal,DF,Abdoulaye Seck,wiki
Senegal,MF,Idrissa Gueye,wiki
Senegal,MF,Pathé Ciss,wiki
Senegal,FW,Assane Diao,wiki
Senegal,MF,Lamine Camara,wiki
Senegal,FW,Bamba Dieng,wiki
Senegal,FW,Sadio Mané,wiki
Senegal,FW,Nicolas Jackson,wiki
Senegal,FW,Cherif Ndiaye,wiki
Senegal,FW,Iliman Ndiaye,wiki
Senegal,DF,Ismail Jakobs,wiki
Senegal,DF,Krépin Diatta,wiki
Senegal,GK,Édouard Mendy,wiki
Senegal,MF,Pape Matar Sarr,wiki
Senegal,FW,Ismaïla Sarr,wiki
Senegal,DF,Moussa Niakhaté,wiki
Senegal,FW,Ibrahim Mbaye,wiki
Senegal,MF,Habib Diarra,wiki
Senegal,MF,Bara Sapoko Ndiaye,wiki
Senegal,GK,Mory Diaw,wiki
Senegal,DF,Antoine Mendy,wiki
Senegal,DF,El Hadji Malick Diouf,wiki
Senegal,MF,Pape Gueye,wiki
South Africa,GK,Ronwen Williams,wiki
South Africa,GK,Ricardo Goss,wiki
South Africa,GK,Sipho Chaine,wiki
South Africa,DF,Aubrey Modiba,wiki
South Africa,DF,Khuliso Mudau,wiki
South Africa,DF,Nkosinathi Sibisi,wiki
South Africa,DF,Mbekezeli Mbokazi,wiki
South Africa,DF,Ime Okon,wiki
South Africa,DF,Samukele Kabini,wiki
South Africa,DF,Khulumani Ndamane,wiki
South Africa,DF,Thabang Matuludi,wiki
South Africa,DF,Kamogelo Sebelebele,wiki
South Africa,DF,Bradley Cross,wiki
South Africa,DF,Olwethu Makhanya,wiki
South Africa,MF,Teboho Mokoena,wiki
South Africa,MF,Sphephelo Sithole,wiki
South Africa,MF,Thalente Mbatha,wiki
South Africa,MF,Jayden Adams,wiki
South Africa,FW,Themba Zwane,wiki
South Africa,FW,Lyle Foster,wiki
South Africa,FW,Evidence Makgopa,wiki
South Africa,FW,Oswin Appollis,wiki
South Africa,FW,Iqraam Rayners,wiki
South Africa,FW,Relebohile Mofokeng,wiki
South Africa,FW,Thapelo Maseko,wiki
South Africa,FW,Tshepang Moremi,wiki
South Korea,GK,Kim Seung-gyu,wiki
South Korea,GK,Jo Hyeon-woo,wiki
South Korea,GK,Song Bum-keun,wiki
South Korea,DF,Kim Min-jae,wiki
South Korea,DF,Kim Moon-hwan,wiki
South Korea,DF,Seol Young-woo,wiki
South Korea,DF,Lee Tae-seok,wiki
South Korea,DF,Park Jin-seob,wiki
South Korea,DF,Kim Tae-hyeon,wiki
South Korea,DF,Lee Han-beom,wiki
South Korea,DF,Jens Castrop,wiki
South Korea,DF,Lee Ki-hyuk,wiki
South Korea,DF,Cho Wi-je,wiki
South Korea,MF,Lee Jae-sung,wiki
South Korea,MF,Hwang Hee-chan,wiki
South Korea,MF,Hwang In-beom,wiki
South Korea,MF,Lee Kang-in,wiki
South Korea,MF,Paik Seung-ho,wiki
South Korea,MF,Kim Jin-gyu,wiki
South Korea,MF,Lee Dong-gyeong,wiki
South Korea,MF,Bae Jun-ho,wiki
South Korea,MF,Eom Ji-sung,wiki
South Korea,MF,Yang Hyun-jun,wiki
South Korea,FW,Son Heung-min,wiki
South Korea,FW,Cho Gue-sung,wiki
South Korea,FW,Oh Hyeon-gyu,wiki
Spain,GK,David Raya,wiki
Spain,DF,Marc Pubill,wiki
Spain,DF,Álex Grimaldo,wiki
Spain,DF,Eric García,wiki
Spain,DF,Marcos Llorente,wiki
Spain,MF,Mikel Merino,wiki
Spain,FW,Ferran Torres,wiki
Spain,MF,Fabián Ruiz,wiki
Spain,MF,Gavi,wiki
Spain,FW,Dani Olmo,wiki
Spain,FW,Yéremy Pino,wiki
Spain,DF,Pedro Porro,wiki
Spain,GK,Joan Garcia,wiki
Spain,DF,Aymeric Laporte,wiki
Spain,MF,Álex Baena,wiki
Spain,MF,Rodri,wiki
Spain,FW,Nico Williams,wiki
Spain,MF,Martín Zubimendi,wiki
Spain,FW,Lamine Yamal,wiki
Spain,MF,Pedri,wiki
Spain,FW,Mikel Oyarzabal,wiki
Spain,DF,Pau Cubarsí,wiki
Spain,GK,Unai Simón,wiki
Spain,DF,Marc Cucurella,wiki
Spain,FW,Víctor Muñoz,wiki
Spain,FW,Borja Iglesias,wiki
Sweden,GK,Jacob Widell Zetterström,wiki
Sweden,DF,Gustaf Lagerbielke,wiki
Sweden,DF,Victor Lindelöf,wiki
Sweden,DF,Isak Hien,wiki
Sweden,DF,Gabriel Gudmundsson,wiki
Sweden,DF,Herman Johansson,wiki
Sweden,MF,Lucas Bergvall,wiki
Sweden,DF,Daniel Svensson,wiki
Sweden,FW,Alexander Isak,wiki
Sweden,FW,Benjamin Nygren,wiki
Sweden,FW,Anthony Elanga,wiki
Sweden,GK,Viktor Johansson,wiki
Sweden,FW,Ken Sema,wiki
Sweden,DF,Hjalmar Ekdal,wiki
Sweden,DF,Carl Starfelt,wiki
Sweden,MF,Jesper Karlström,wiki
Sweden,FW,Viktor Gyökeres,wiki
Sweden,MF,Yasin Ayari,wiki
Sweden,MF,Mattias Svanberg,wiki
Sweden,DF,Eric Smith,wiki
Sweden,FW,Alexander Bernhardsson,wiki
Sweden,MF,Besfort Zeneli,wiki
Sweden,GK,Kristoffer Nordfeldt,wiki
Sweden,DF,Elliot Stroud,wiki
Sweden,FW,Gustaf Nilsson,wiki
Sweden,FW,Taha Ali,wiki
Switzerland,GK,Gregor Kobel,wiki
Switzerland,DF,Miro Muheim,wiki
Switzerland,DF,Silvan Widmer,wiki
Switzerland,DF,Nico Elvedi,wiki
Switzerland,DF,Manuel Akanji,wiki
Switzerland,MF,Denis Zakaria,wiki
Switzerland,FW,Breel Embolo,wiki
Switzerland,MF,Remo Freuler,wiki
Switzerland,MF,Johan Manzambi,wiki
Switzerland,MF,Granit Xhaka,wiki
Switzerland,FW,Dan Ndoye,wiki
Switzerland,GK,Yvon Mvogo,wiki
Switzerland,DF,Ricardo Rodriguez,wiki
Switzerland,MF,Ardon Jashari,wiki
Switzerland,MF,Djibril Sow,wiki
Switzerland,MF,Christian Fassnacht,wiki
Switzerland,FW,Rubén Vargas,wiki
Switzerland,DF,Eray Cömert,wiki
Switzerland,FW,Noah Okafor,wiki
Switzerland,MF,Michel Aebischer,wiki
Switzerland,GK,Marvin Keller,wiki
Switzerland,MF,Fabian Rieder,wiki
Switzerland,FW,Zeki Amdouni,wiki
Switzerland,DF,Aurèle Amenda,wiki
Switzerland,DF,Luca Jaquez,wiki
Switzerland,FW,Cedric Itten,wiki
Tunisia,GK,Aymen Dahmen,wiki
Tunisia,GK,Sabri Ben Hessen,wiki
Tunisia,GK,Mouhib Chamakh,wiki
Tunisia,DF,Montassar Talbi,wiki
Tunisia,DF,Dylan Bronn,wiki
Tunisia,DF,Ali Abdi,wiki
Tunisia,DF,Yan Valery,wiki
Tunisia,DF,Mohamed Amine Ben Hamida,wiki
Tunisia,DF,Moutaz Neffati,wiki
Tunisia,DF,Omar Rekik,wiki
Tunisia,DF,Adem Arous,wiki
Tunisia,DF,Raed Chikhaoui,wiki
Tunisia,MF,Ellyes Skhiri,wiki
Tunisia,MF,Hannibal Mejbri,wiki
Tunisia,MF,Anis Ben Slimane,wiki
Tunisia,MF,Mortadha Ben Ouanes,wiki
Tunisia,MF,Ismaël Gharbi,wiki
Tunisia,MF,Hadj Mahmoud,wiki
Tunisia,MF,Rani Khedira,wiki
Tunisia,FW,Elias Achouri,wiki
Tunisia,FW,Firas Chaouat,wiki
Tunisia,FW,Hazem Mastouri,wiki
Tunisia,FW,Elias Saad,wiki
Tunisia,FW,Sebastian Tounekti,wiki
Tunisia,FW,Khalil Ayari,wiki
Tunisia,FW,Rayan Elloumi,wiki
Turkey,GK,Uğurcan Çakır,wiki
Turkey,GK,Mert Günok,wiki
Turkey,GK,Altay Bayındır,wiki
Turkey,GK,Ersin Destanoğlu,wiki
Turkey,GK,Muhammed Şengezer,wiki
Turkey,DF,Merih Demiral,wiki
Turkey,DF,Zeki Çelik,wiki
Turkey,DF,Çağlar Söyüncü,wiki
Turkey,DF,Mert Müldür,wiki
Turkey,DF,Ferdi Kadıoğlu,wiki
Turkey,DF,Ozan Kabak,wiki
Turkey,DF,Abdülkerim Bardakcı,wiki
Turkey,DF,Eren Elmalı,wiki
Turkey,DF,Samet Akaydin,wiki
Turkey,DF,Yusuf Akçiçek,wiki
Turkey,DF,Mustafa Eskihellaç,wiki
Turkey,DF,Ahmetcan Kaplan,wiki
Turkey,MF,Hakan Çalhanoğlu,wiki
Turkey,MF,Kaan Ayhan,wiki
Turkey,MF,Orkun Kökçü,wiki
Turkey,MF,İsmail Yüksek,wiki
Turkey,MF,Salih Özcan,wiki
Turkey,MF,Atakan Karazor,wiki
Turkey,MF,Demir Ege Tıknaz,wiki
Turkey,FW,Kerem Aktürkoğlu,wiki
Turkey,FW,İrfan Can Kahveci,wiki
United States,GK,Matt Turner,wiki
United States,DF,Sergiño Dest,wiki
United States,DF,Chris Richards,wiki
United States,MF,Tyler Adams,wiki
United States,DF,Antonee Robinson,wiki
United States,DF,Auston Trusty,wiki
United States,MF,Giovanni Reyna,wiki
United States,MF,Weston McKennie,wiki
United States,FW,Ricardo Pepi,wiki
United States,FW,Christian Pulisic,wiki
United States,FW,Brenden Aaronson,wiki
United States,DF,Miles Robinson,wiki
United States,DF,Tim Ream,wiki
United States,MF,Sebastian Berhalter,wiki
United States,MF,Cristian Roldan,wiki
United States,DF,Alex Freeman,wiki
United States,MF,Malik Tillman,wiki
United States,DF,Maximilian Arfsten,wiki
United States,FW,Haji Wright,wiki
United States,FW,Folarin Balogun,wiki
United States,FW,Timothy Weah,wiki
United States,DF,Mark McKenzie,wiki
United States,DF,Joe Scally,wiki
United States,GK,Matt Freese,wiki
United States,GK,Chris Brady,wiki
United States,FW,Alejandro Zendejas,wiki
Uruguay,GK,Sergio Rochet,wiki
Uruguay,DF,José María Giménez,wiki
Uruguay,DF,Sebastián Cáceres,wiki
Uruguay,DF,Ronald Araújo,wiki
Uruguay,MF,Manuel Ugarte,wiki
Uruguay,MF,Rodrigo Bentancur,wiki
Uruguay,MF,Nicolás de la Cruz,wiki
Uruguay,MF,Federico Valverde,wiki
Uruguay,FW,Darwin Núñez,wiki
Uruguay,MF,Giorgian de Arrascaeta,wiki
Uruguay,FW,Facundo Pellistri,wiki
Uruguay,GK,Santiago Mele,wiki
Uruguay,DF,Guillermo Varela,wiki
Uruguay,MF,Agustín Canobbio,wiki
Uruguay,MF,Emiliano Martínez,wiki
Uruguay,DF,Mathías Olivera,wiki
Uruguay,DF,Matías Viña,wiki
Uruguay,FW,Brian Rodríguez,wiki
Uruguay,FW,Rodrigo Aguirre,wiki
Uruguay,MF,Maximiliano Araújo,wiki
Uruguay,FW,Federico Viñas,wiki
Uruguay,MF,Joaquín Piquerez,wiki
Uruguay,GK,Fernando Muslera,wiki
Uruguay,DF,Santiago Bueno,wiki
Uruguay,MF,Juan Manuel Sanabria,wiki
Uruguay,MF,Rodrigo Zalazar,wiki
Uzbekistan,GK,Utkir Yusupov,wiki
Uzbekistan,DF,Abdukodir Khusanov,wiki
Uzbekistan,DF,Khojiakbar Alijonov,wiki
Uzbekistan,DF,Farrukh Sayfiev,wiki
Uzbekistan,DF,Rustam Ashurmatov,wiki
Uzbekistan,MF,Akmal Mozgovoy,wiki
Uzbekistan,MF,Otabek Shukurov,wiki
Uzbekistan,MF,Jamshid Iskanderov,wiki
Uzbekistan,MF,Odiljon Hamrobekov,wiki
Uzbekistan,MF,Jaloliddin Masharipov,wiki
Uzbekistan,MF,Oston Urunov,wiki
Uzbekistan,GK,Abduvohid Nematov,wiki
Uzbekistan,DF,Sherzod Nasrullaev,wiki
Uzbekistan,FW,Eldor Shomurodov,wiki
Uzbekistan,DF,Umar Eshmurodov,wiki
Uzbekistan,GK,Botirali Ergashev,wiki
Uzbekistan,MF,Dostonbek Khamdamov,wiki
Uzbekistan,DF,Abdulla Abdullaev,wiki
Uzbekistan,MF,Azizjon Ganiev,wiki
Uzbekistan,FW,Azizbek Amonov,wiki
Uzbekistan,FW,Igor Sergeev,wiki
Uzbekistan,MF,Abbosbek Fayzullaev,wiki
Uzbekistan,MF,Sherzod Esanov,wiki
Uzbekistan,DF,Bekhruz Karimov,wiki
Uzbekistan,DF,Avazbek Ulmasaliev,wiki
Uzbekistan,DF,Jakhongir Urozov,wiki
