date,game_id,game_type,home,away,home_goals,away_goals
2025-10-07,2025020001,2,Florida Panthers,Chicago Blackhawks,3,2
2025-10-07,2025020002,2,New York Rangers,Pittsburgh Penguins,0,3
2025-10-07,2025020003,2,Los Angeles Kings,Colorado Avalanche,1,4
2025-10-08,2025020004,2,Toronto Maple Leafs,Montréal Canadiens,5,2
2025-10-08,2025020005,2,Washington Capitals,Boston Bruins,1,3
2025-10-08,2025020006,2,Edmonton Oilers,Calgary Flames,3,4
2025-10-08,2025020007,2,Vegas Golden Knights,Los Angeles Kings,5,6
2025-10-09,2025020008,2,Boston Bruins,Chicago Blackhawks,4,3
2025-10-09,2025020009,2,Buffalo Sabres,New York Rangers,0,4
2025-10-09,2025020010,2,Detroit Red Wings,Montréal Canadiens,1,5
2025-10-09,2025020011,2,Tampa Bay Lightning,Ottawa Senators,4,5
2025-10-09,2025020012,2,Florida Panthers,Philadelphia Flyers,2,1
2025-10-09,2025020013,2,Pittsburgh Penguins,New York Islanders,4,3
2025-10-09,2025020014,2,Carolina Hurricanes,New Jersey Devils,6,3
2025-10-09,2025020015,2,St. Louis Blues,Minnesota Wild,0,5
2025-10-09,2025020016,2,Nashville Predators,Columbus Blue Jackets,2,1
2025-10-09,2025020017,2,Winnipeg Jets,Dallas Stars,4,5
2025-10-09,2025020018,2,Colorado Avalanche,Utah Mammoth,2,1
2025-10-09,2025020019,2,Vancouver Canucks,Calgary Flames,5,1
2025-10-09,2025020020,2,San Jose Sharks,Vegas Golden Knights,3,4
2025-10-09,2025020021,2,Seattle Kraken,Anaheim Ducks,3,1
2025-10-11,2025020022,2,Winnipeg Jets,Los Angeles Kings,3,2
2025-10-11,2025020023,2,Calgary Flames,St. Louis Blues,2,4
2025-10-11,2025020024,2,Boston Bruins,Buffalo Sabres,3,1
2025-10-11,2025020025,2,Detroit Red Wings,Toronto Maple Leafs,6,3
2025-10-11,2025020026,2,Tampa Bay Lightning,New Jersey Devils,3,5
2025-10-11,2025020027,2,Florida Panthers,Ottawa Senators,6,2
2025-10-11,2025020028,2,New York Islanders,Washington Capitals,2,4
2025-10-11,2025020029,2,Pittsburgh Penguins,New York Rangers,1,6
2025-10-11,2025020030,2,Carolina Hurricanes,Philadelphia Flyers,4,3
2025-10-11,2025020031,2,Chicago Blackhawks,Montréal Canadiens,2,3
2025-10-11,2025020032,2,Nashville Predators,Utah Mammoth,2,3
2025-10-11,2025020033,2,Minnesota Wild,Columbus Blue Jackets,4,7
2025-10-11,2025020034,2,Colorado Avalanche,Dallas Stars,4,5
2025-10-11,2025020035,2,Edmonton Oilers,Vancouver Canucks,3,1
2025-10-11,2025020036,2,San Jose Sharks,Anaheim Ducks,6,7
2025-10-11,2025020037,2,Seattle Kraken,Vegas Golden Knights,2,1
2025-10-12,2025020038,2,New York Rangers,Washington Capitals,0,1
2025-10-13,2025020039,2,Buffalo Sabres,Colorado Avalanche,1,3
2025-10-13,2025020040,2,Boston Bruins,Tampa Bay Lightning,3,4
2025-10-13,2025020041,2,Ottawa Senators,Nashville Predators,1,4
2025-10-13,2025020042,2,New York Islanders,Winnipeg Jets,2,5
2025-10-13,2025020043,2,Toronto Maple Leafs,Detroit Red Wings,2,3
2025-10-13,2025020044,2,Philadelphia Flyers,Florida Panthers,5,2
2025-10-13,2025020045,2,Columbus Blue Jackets,New Jersey Devils,2,3
2025-10-13,2025020046,2,Vancouver Canucks,St. Louis Blues,2,5
2025-10-13,2025020047,2,Minnesota Wild,Los Angeles Kings,4,3
2025-10-13,2025020048,2,Chicago Blackhawks,Utah Mammoth,3,1
2025-10-14,2025020049,2,Toronto Maple Leafs,Nashville Predators,7,4
2025-10-14,2025020050,2,Montréal Canadiens,Seattle Kraken,5,4
2025-10-14,2025020051,2,New York Rangers,Edmonton Oilers,0,2
2025-10-14,2025020052,2,Washington Capitals,Tampa Bay Lightning,3,2
2025-10-14,2025020053,2,Calgary Flames,Vegas Golden Knights,2,4
2025-10-14,2025020054,2,Dallas Stars,Minnesota Wild,5,2
2025-10-14,2025020055,2,San Jose Sharks,Carolina Hurricanes,1,5
2025-10-14,2025020056,2,Anaheim Ducks,Pittsburgh Penguins,4,3
2025-10-15,2025020057,2,Buffalo Sabres,Ottawa Senators,8,4
2025-10-15,2025020058,2,Detroit Red Wings,Florida Panthers,4,1
2025-10-15,2025020059,2,St. Louis Blues,Chicago Blackhawks,3,8
2025-10-15,2025020060,2,Utah Mammoth,Calgary Flames,3,1
2025-10-16,2025020061,2,Toronto Maple Leafs,New York Rangers,2,1
2025-10-16,2025020062,2,Montréal Canadiens,Nashville Predators,3,2
2025-10-16,2025020063,2,Ottawa Senators,Seattle Kraken,4,3
2025-10-16,2025020064,2,New Jersey Devils,Florida Panthers,3,1
2025-10-16,2025020065,2,New York Islanders,Edmonton Oilers,4,2
2025-10-16,2025020066,2,Philadelphia Flyers,Winnipeg Jets,2,5
2025-10-16,2025020067,2,Columbus Blue Jackets,Colorado Avalanche,1,4
2025-10-16,2025020068,2,Dallas Stars,Vancouver Canucks,3,5
2025-10-16,2025020069,2,Vegas Golden Knights,Boston Bruins,6,5
2025-10-16,2025020070,2,Anaheim Ducks,Carolina Hurricanes,1,4
2025-10-16,2025020071,2,Los Angeles Kings,Pittsburgh Penguins,2,4
2025-10-17,2025020072,2,Detroit Red Wings,Tampa Bay Lightning,2,1
2025-10-17,2025020073,2,Washington Capitals,Minnesota Wild,5,1
2025-10-17,2025020074,2,Chicago Blackhawks,Vancouver Canucks,2,3
2025-10-17,2025020075,2,Utah Mammoth,San Jose Sharks,6,3
2025-10-18,2025020076,2,Buffalo Sabres,Florida Panthers,3,0
2025-10-18,2025020077,2,Ottawa Senators,New York Islanders,4,5
2025-10-18,2025020078,2,New Jersey Devils,Edmonton Oilers,5,3
2025-10-18,2025020079,2,Toronto Maple Leafs,Seattle Kraken,3,4
2025-10-18,2025020080,2,Montréal Canadiens,New York Rangers,3,4
2025-10-18,2025020081,2,Philadelphia Flyers,Minnesota Wild,2,1
2025-10-18,2025020082,2,Columbus Blue Jackets,Tampa Bay Lightning,3,2
2025-10-18,2025020083,2,St. Louis Blues,Dallas Stars,3,1
2025-10-18,2025020084,2,Winnipeg Jets,Nashville Predators,4,1
2025-10-18,2025020085,2,Colorado Avalanche,Boston Bruins,4,1
2025-10-18,2025020086,2,Los Angeles Kings,Carolina Hurricanes,3,4
2025-10-18,2025020087,2,Vegas Golden Knights,Calgary Flames,6,1
2025-10-18,2025020088,2,San Jose Sharks,Pittsburgh Penguins,0,3
2025-10-19,2025020089,2,Washington Capitals,Vancouver Canucks,3,4
2025-10-19,2025020090,2,Detroit Red Wings,Edmonton Oilers,4,2
2025-10-19,2025020091,2,Chicago Blackhawks,Anaheim Ducks,2,1
2025-10-19,2025020092,2,Utah Mammoth,Boston Bruins,3,2
2025-10-20,2025020093,2,New York Rangers,Minnesota Wild,1,3
2025-10-20,2025020094,2,Philadelphia Flyers,Seattle Kraken,5,2
2025-10-20,2025020095,2,Montréal Canadiens,Buffalo Sabres,4,2
2025-10-20,2025020096,2,Calgary Flames,Winnipeg Jets,1,2
2025-10-20,2025020097,2,Vegas Golden Knights,Carolina Hurricanes,4,1
2025-10-21,2025020098,2,Toronto Maple Leafs,New Jersey Devils,2,5
2025-10-21,2025020099,2,Ottawa Senators,Edmonton Oilers,2,3
2025-10-21,2025020100,2,New York Islanders,San Jose Sharks,4,3
2025-10-21,2025020101,2,Pittsburgh Penguins,Vancouver Canucks,5,1
2025-10-21,2025020102,2,Washington Capitals,Seattle Kraken,4,1
2025-10-21,2025020103,2,Boston Bruins,Florida Panthers,3,4
2025-10-21,2025020104,2,St. Louis Blues,Los Angeles Kings,1,2
2025-10-21,2025020105,2,Nashville Predators,Anaheim Ducks,2,5
2025-10-21,2025020106,2,Dallas Stars,Columbus Blue Jackets,1,5
2025-10-21,2025020107,2,Utah Mammoth,Colorado Avalanche,4,3
2025-10-22,2025020108,2,New Jersey Devils,Minnesota Wild,4,1
2025-10-22,2025020109,2,Buffalo Sabres,Detroit Red Wings,4,2
2025-10-22,2025020110,2,Calgary Flames,Montréal Canadiens,1,2
2025-10-23,2025020111,2,Boston Bruins,Anaheim Ducks,5,7
2025-10-23,2025020112,2,Ottawa Senators,Philadelphia Flyers,2,1
2025-10-23,2025020113,2,Tampa Bay Lightning,Chicago Blackhawks,2,3
2025-10-23,2025020114,2,Florida Panthers,Pittsburgh Penguins,3,5
2025-10-23,2025020115,2,New York Islanders,Detroit Red Wings,7,2
2025-10-23,2025020116,2,New York Rangers,San Jose Sharks,5,6
2025-10-23,2025020117,2,St. Louis Blues,Utah Mammoth,4,7
2025-10-23,2025020118,2,Nashville Predators,Vancouver Canucks,2,1
2025-10-23,2025020119,2,Dallas Stars,Los Angeles Kings,2,3
2025-10-23,2025020120,2,Winnipeg Jets,Seattle Kraken,0,3
2025-10-23,2025020121,2,Colorado Avalanche,Carolina Hurricanes,4,5
2025-10-23,2025020122,2,Edmonton Oilers,Montréal Canadiens,6,5
2025-10-24,2025020123,2,Buffalo Sabres,Toronto Maple Leafs,5,3
2025-10-24,2025020124,2,New Jersey Devils,San Jose Sharks,3,1
2025-10-24,2025020125,2,Columbus Blue Jackets,Washington Capitals,1,5
2025-10-24,2025020126,2,Winnipeg Jets,Calgary Flames,5,3
2025-10-25,2025020127,2,Philadelphia Flyers,New York Islanders,4,3
2025-10-25,2025020128,2,Boston Bruins,Colorado Avalanche,3,2
2025-10-25,2025020129,2,Tampa Bay Lightning,Anaheim Ducks,4,3
2025-10-25,2025020130,2,Florida Panthers,Vegas Golden Knights,3,0
2025-10-25,2025020131,2,Minnesota Wild,Utah Mammoth,2,6
2025-10-25,2025020132,2,Toronto Maple Leafs,Buffalo Sabres,4,3
2025-10-25,2025020133,2,Detroit Red Wings,St. Louis Blues,6,4
2025-10-25,2025020134,2,Pittsburgh Penguins,Columbus Blue Jackets,4,5
2025-10-25,2025020135,2,Washington Capitals,Ottawa Senators,1,7
2025-10-25,2025020136,2,Vancouver Canucks,Montréal Canadiens,3,4
2025-10-25,2025020137,2,Nashville Predators,Los Angeles Kings,5,4
2025-10-25,2025020138,2,Dallas Stars,Carolina Hurricanes,3,2
2025-10-25,2025020139,2,Seattle Kraken,Edmonton Oilers,3,2
2025-10-26,2025020140,2,New Jersey Devils,Colorado Avalanche,4,3
2025-10-26,2025020141,2,Tampa Bay Lightning,Vegas Golden Knights,2,1
2025-10-26,2025020142,2,Minnesota Wild,San Jose Sharks,5,6
2025-10-26,2025020143,2,Winnipeg Jets,Utah Mammoth,2,3
2025-10-26,2025020144,2,Chicago Blackhawks,Los Angeles Kings,1,3
2025-10-26,2025020145,2,Nashville Predators,Dallas Stars,2,3
2025-10-26,2025020146,2,Calgary Flames,New York Rangers,5,1
2025-10-26,2025020147,2,Vancouver Canucks,Edmonton Oilers,4,3
2025-10-27,2025020148,2,Pittsburgh Penguins,St. Louis Blues,6,3
2025-10-27,2025020149,2,Ottawa Senators,Boston Bruins,7,2
2025-10-28,2025020150,2,Philadelphia Flyers,Pittsburgh Penguins,3,2
2025-10-28,2025020151,2,Toronto Maple Leafs,Calgary Flames,4,3
2025-10-28,2025020152,2,Buffalo Sabres,Columbus Blue Jackets,3,4
2025-10-28,2025020153,2,Florida Panthers,Anaheim Ducks,2,3
2025-10-28,2025020154,2,Boston Bruins,New York Islanders,5,2
2025-10-28,2025020155,2,Carolina Hurricanes,Vegas Golden Knights,3,6
2025-10-28,2025020156,2,Nashville Predators,Tampa Bay Lightning,2,5
2025-10-28,2025020157,2,Minnesota Wild,Winnipeg Jets,3,4
2025-10-28,2025020158,2,St. Louis Blues,Detroit Red Wings,2,5
2025-10-28,2025020159,2,Dallas Stars,Washington Capitals,1,0
2025-10-28,2025020160,2,Chicago Blackhawks,Ottawa Senators,7,3
2025-10-28,2025020161,2,Colorado Avalanche,New Jersey Devils,8,4
2025-10-28,2025020162,2,Edmonton Oilers,Utah Mammoth,6,3
2025-10-28,2025020163,2,Vancouver Canucks,New York Rangers,0,2
2025-10-28,2025020164,2,Seattle Kraken,Montréal Canadiens,3,4
2025-10-28,2025020165,2,San Jose Sharks,Los Angeles Kings,3,4
2025-10-29,2025020166,2,Columbus Blue Jackets,Toronto Maple Leafs,6,3
2025-10-30,2025020167,2,Boston Bruins,Buffalo Sabres,4,3
2025-10-30,2025020168,2,Ottawa Senators,Calgary Flames,4,3
2025-10-30,2025020169,2,Tampa Bay Lightning,Dallas Stars,2,1
2025-10-30,2025020170,2,Philadelphia Flyers,Nashville Predators,4,1
2025-10-30,2025020171,2,Carolina Hurricanes,New York Islanders,6,2
2025-10-30,2025020172,2,St. Louis Blues,Vancouver Canucks,3,4
2025-10-30,2025020173,2,Minnesota Wild,Pittsburgh Penguins,1,4
2025-10-30,2025020174,2,Winnipeg Jets,Chicago Blackhawks,6,3
2025-10-30,2025020175,2,Edmonton Oilers,New York Rangers,3,4
2025-10-30,2025020176,2,San Jose Sharks,New Jersey Devils,5,2
2025-10-30,2025020177,2,Los Angeles Kings,Detroit Red Wings,3,4
2025-10-31,2025020178,2,Vegas Golden Knights,Colorado Avalanche,2,4
2025-10-31,2025020179,2,Washington Capitals,New York Islanders,1,3
2025-10-31,2025020180,2,Anaheim Ducks,Detroit Red Wings,5,2
2025-11-01,2025020181,2,Boston Bruins,Carolina Hurricanes,2,1
2025-11-01,2025020182,2,Winnipeg Jets,Pittsburgh Penguins,5,2
2025-11-01,2025020183,2,Nashville Predators,Calgary Flames,4,2
2025-11-01,2025020184,2,San Jose Sharks,Colorado Avalanche,3,2
2025-11-01,2025020185,2,Florida Panthers,Dallas Stars,4,3
2025-11-01,2025020186,2,Buffalo Sabres,Washington Capitals,4,3
2025-11-01,2025020187,2,Montréal Canadiens,Ottawa Senators,4,3
2025-11-01,2025020188,2,Philadelphia Flyers,Toronto Maple Leafs,2,5
2025-11-01,2025020189,2,Columbus Blue Jackets,St. Louis Blues,3,2
2025-11-01,2025020190,2,Minnesota Wild,Vancouver Canucks,5,2
2025-11-01,2025020191,2,Los Angeles Kings,New Jersey Devils,1,4
2025-11-01,2025020192,2,Edmonton Oilers,Chicago Blackhawks,3,2
2025-11-01,2025020193,2,Seattle Kraken,New York Rangers,2,3
2025-11-02,2025020194,2,Utah Mammoth,Tampa Bay Lightning,2,4
2025-11-02,2025020195,2,New York Islanders,Columbus Blue Jackets,3,2
2025-11-02,2025020196,2,Philadelphia Flyers,Calgary Flames,1,2
2025-11-02,2025020197,2,Anaheim Ducks,New Jersey Devils,4,1
2025-11-02,2025020198,2,San Jose Sharks,Detroit Red Wings,2,3
2025-11-03,2025020199,2,Toronto Maple Leafs,Pittsburgh Penguins,4,3
2025-11-03,2025020200,2,St. Louis Blues,Edmonton Oilers,3,2
2025-11-03,2025020201,2,Nashville Predators,Vancouver Canucks,4,5
2025-11-03,2025020202,2,Seattle Kraken,Chicago Blackhawks,3,1
2025-11-04,2025020203,2,Buffalo Sabres,Utah Mammoth,1,2
2025-11-04,2025020204,2,Montréal Canadiens,Philadelphia Flyers,4,5
2025-11-04,2025020205,2,New York Islanders,Boston Bruins,3,4
2025-11-04,2025020206,2,New York Rangers,Carolina Hurricanes,0,3
2025-11-04,2025020207,2,Dallas Stars,Edmonton Oilers,4,3
2025-11-04,2025020208,2,Minnesota Wild,Nashville Predators,3,2
2025-11-04,2025020209,2,Colorado Avalanche,Tampa Bay Lightning,3,2
2025-11-04,2025020210,2,Vegas Golden Knights,Detroit Red Wings,1,0
2025-11-04,2025020211,2,Anaheim Ducks,Florida Panthers,7,3
2025-11-04,2025020212,2,Los Angeles Kings,Winnipeg Jets,3,0
2025-11-05,2025020213,2,Toronto Maple Leafs,Utah Mammoth,5,3
2025-11-05,2025020214,2,Washington Capitals,St. Louis Blues,6,1
2025-11-05,2025020215,2,Calgary Flames,Columbus Blue Jackets,5,1
2025-11-05,2025020216,2,Vancouver Canucks,Chicago Blackhawks,2,5
2025-11-05,2025020217,2,Seattle Kraken,San Jose Sharks,1,6
2025-11-06,2025020218,2,Boston Bruins,Ottawa Senators,3,2
2025-11-06,2025020219,2,Buffalo Sabres,St. Louis Blues,0,3
2025-11-06,2025020220,2,New Jersey Devils,Montréal Canadiens,4,3
2025-11-06,2025020221,2,Pittsburgh Penguins,Washington Capitals,5,3
2025-11-06,2025020222,2,Carolina Hurricanes,Minnesota Wild,4,3
2025-11-06,2025020223,2,Nashville Predators,Philadelphia Flyers,1,3
2025-11-06,2025020224,2,Dallas Stars,Anaheim Ducks,5,7
2025-11-06,2025020225,2,Vegas Golden Knights,Tampa Bay Lightning,3,6
2025-11-06,2025020226,2,Los Angeles Kings,Florida Panthers,2,5
2025-11-07,2025020227,2,Detroit Red Wings,New York Rangers,1,4
2025-11-07,2025020228,2,New York Islanders,Minnesota Wild,2,5
2025-11-07,2025020229,2,Calgary Flames,Chicago Blackhawks,0,4
2025-11-07,2025020230,2,San Jose Sharks,Winnipeg Jets,2,1
2025-11-08,2025020231,2,New Jersey Devils,Pittsburgh Penguins,2,1
2025-11-08,2025020232,2,Philadelphia Flyers,Ottawa Senators,2,3
2025-11-08,2025020233,2,Nashville Predators,Dallas Stars,4,5
2025-11-08,2025020234,2,Toronto Maple Leafs,Boston Bruins,3,5
2025-11-08,2025020235,2,Montréal Canadiens,Utah Mammoth,6,2
2025-11-08,2025020236,2,Tampa Bay Lightning,Washington Capitals,3,2
2025-11-08,2025020237,2,New York Rangers,New York Islanders,0,5
2025-11-08,2025020238,2,Carolina Hurricanes,Buffalo Sabres,6,3
2025-11-08,2025020239,2,St. Louis Blues,Seattle Kraken,3,4
2025-11-08,2025020240,2,Edmonton Oilers,Colorado Avalanche,1,9
2025-11-08,2025020241,2,Vancouver Canucks,Columbus Blue Jackets,4,3
2025-11-08,2025020242,2,Vegas Golden Knights,Anaheim Ducks,3,4
2025-11-08,2025020243,2,San Jose Sharks,Florida Panthers,3,1
2025-11-09,2025020244,2,Detroit Red Wings,Chicago Blackhawks,1,5
2025-11-09,2025020245,2,Pittsburgh Penguins,Los Angeles Kings,2,3
2025-11-09,2025020246,2,Toronto Maple Leafs,Carolina Hurricanes,4,5
2025-11-09,2025020247,2,Ottawa Senators,Utah Mammoth,4,2
2025-11-09,2025020248,2,Dallas Stars,Seattle Kraken,2,1
2025-11-09,2025020249,2,Minnesota Wild,Calgary Flames,2,0
2025-11-09,2025020250,2,Vancouver Canucks,Colorado Avalanche,4,5
2025-11-09,2025020251,2,Anaheim Ducks,Winnipeg Jets,4,1
2025-11-10,2025020252,2,New Jersey Devils,New York Islanders,2,3
2025-11-10,2025020253,2,New York Rangers,Nashville Predators,6,3
2025-11-10,2025020254,2,Edmonton Oilers,Columbus Blue Jackets,5,4
2025-11-10,2025020255,2,Vegas Golden Knights,Florida Panthers,2,3
2025-11-11,2025020256,2,Boston Bruins,Toronto Maple Leafs,5,3
2025-11-11,2025020257,2,Montréal Canadiens,Los Angeles Kings,1,5
2025-11-11,2025020258,2,Ottawa Senators,Dallas Stars,2,3
2025-11-11,2025020259,2,Carolina Hurricanes,Washington Capitals,1,4
2025-11-11,2025020260,2,St. Louis Blues,Calgary Flames,3,2
2025-11-11,2025020261,2,Minnesota Wild,San Jose Sharks,1,2
2025-11-11,2025020262,2,Colorado Avalanche,Anaheim Ducks,4,1
2025-11-11,2025020263,2,Vancouver Canucks,Winnipeg Jets,3,5
2025-11-11,2025020264,2,Seattle Kraken,Columbus Blue Jackets,1,2
2025-11-12,2025020265,2,Tampa Bay Lightning,New York Rangers,3,7
2025-11-12,2025020266,2,Philadelphia Flyers,Edmonton Oilers,1,2
2025-11-12,2025020267,2,Utah Mammoth,Buffalo Sabres,5,2
2025-11-12,2025020268,2,Chicago Blackhawks,New Jersey Devils,3,4
2025-11-13,2025020269,2,Toronto Maple Leafs,Los Angeles Kings,3,4
2025-11-13,2025020270,2,Montréal Canadiens,Dallas Stars,0,7
2025-11-13,2025020271,2,Ottawa Senators,Boston Bruins,5,3
2025-11-13,2025020272,2,Detroit Red Wings,Anaheim Ducks,6,3
2025-11-13,2025020273,2,Florida Panthers,Washington Capitals,6,3
2025-11-13,2025020274,2,Columbus Blue Jackets,Edmonton Oilers,5,4
2025-11-13,2025020275,2,Colorado Avalanche,Buffalo Sabres,6,3
2025-11-13,2025020276,2,Calgary Flames,San Jose Sharks,2,0
2025-11-13,2025020277,2,Vegas Golden Knights,New York Islanders,3,4
2025-11-13,2025020278,2,Seattle Kraken,Winnipeg Jets,5,3
2025-11-14,2025020279,2,Carolina Hurricanes,Vancouver Canucks,4,3
2025-11-14,2025020280,2,St. Louis Blues,Philadelphia Flyers,5,6
2025-11-14,2025020281,2,Nashville Predators,Pittsburgh Penguins,2,1
2025-11-14,2025020282,2,Utah Mammoth,New York Islanders,2,3
2025-11-15,2025020283,2,Florida Panthers,Tampa Bay Lightning,1,3
2025-11-15,2025020284,2,Minnesota Wild,Anaheim Ducks,2,0
2025-11-15,2025020285,2,Montréal Canadiens,Boston Bruins,2,3
2025-11-15,2025020286,2,Ottawa Senators,Los Angeles Kings,0,1
2025-11-15,2025020287,2,Detroit Red Wings,Buffalo Sabres,4,5
2025-11-15,2025020288,2,Washington Capitals,New Jersey Devils,2,3
2025-11-15,2025020289,2,Carolina Hurricanes,Edmonton Oilers,3,4
2025-11-15,2025020290,2,Columbus Blue Jackets,New York Rangers,1,2
2025-11-15,2025020291,2,Chicago Blackhawks,Toronto Maple Leafs,3,2
2025-11-15,2025020292,2,St. Louis Blues,Vegas Golden Knights,1,4
2025-11-15,2025020293,2,Dallas Stars,Philadelphia Flyers,5,1
2025-11-15,2025020294,2,Calgary Flames,Winnipeg Jets,3,4
2025-11-15,2025020295,2,Seattle Kraken,San Jose Sharks,4,1
2025-11-16,2025020296,2,Pittsburgh Penguins,Nashville Predators,4,0
2025-11-16,2025020297,2,Tampa Bay Lightning,Vancouver Canucks,2,6
2025-11-16,2025020298,2,Minnesota Wild,Vegas Golden Knights,3,2
2025-11-16,2025020299,2,New York Rangers,Detroit Red Wings,1,2
2025-11-16,2025020300,2,Colorado Avalanche,New York Islanders,4,1
2025-11-17,2025020301,2,Boston Bruins,Carolina Hurricanes,1,3
2025-11-17,2025020302,2,Buffalo Sabres,Edmonton Oilers,5,1
2025-11-17,2025020303,2,Florida Panthers,Vancouver Canucks,8,5
2025-11-17,2025020304,2,Washington Capitals,Los Angeles Kings,2,1
2025-11-17,2025020305,2,Columbus Blue Jackets,Montréal Canadiens,4,3
2025-11-17,2025020306,2,Anaheim Ducks,Utah Mammoth,3,2
2025-11-18,2025020307,2,Toronto Maple Leafs,St. Louis Blues,3,2
2025-11-18,2025020308,2,Detroit Red Wings,Seattle Kraken,4,2
2025-11-18,2025020309,2,Tampa Bay Lightning,New Jersey Devils,5,1
2025-11-18,2025020310,2,Dallas Stars,New York Islanders,2,3
2025-11-18,2025020311,2,Winnipeg Jets,Columbus Blue Jackets,5,2
2025-11-18,2025020312,2,Chicago Blackhawks,Calgary Flames,5,2
2025-11-18,2025020313,2,Vegas Golden Knights,New York Rangers,3,2
2025-11-18,2025020314,2,San Jose Sharks,Utah Mammoth,3,2
2025-11-19,2025020315,2,Washington Capitals,Edmonton Oilers,7,4
2025-11-19,2025020316,2,Buffalo Sabres,Calgary Flames,2,6
2025-11-19,2025020317,2,Minnesota Wild,Carolina Hurricanes,4,3
2025-11-19,2025020318,2,Anaheim Ducks,Boston Bruins,4,3
2025-11-20,2025020319,2,Toronto Maple Leafs,Columbus Blue Jackets,2,3
2025-11-20,2025020320,2,Montréal Canadiens,Washington Capitals,4,8
2025-11-20,2025020321,2,Detroit Red Wings,New York Islanders,0,5
2025-11-20,2025020322,2,Tampa Bay Lightning,Edmonton Oilers,2,1
2025-11-20,2025020323,2,Florida Panthers,New Jersey Devils,1,0
2025-11-20,2025020324,2,Philadelphia Flyers,St. Louis Blues,3,2
2025-11-20,2025020325,2,Chicago Blackhawks,Seattle Kraken,2,3
2025-11-20,2025020326,2,Colorado Avalanche,New York Rangers,6,3
2025-11-20,2025020327,2,Utah Mammoth,Vegas Golden Knights,1,4
2025-11-20,2025020328,2,Vancouver Canucks,Dallas Stars,2,4
2025-11-20,2025020329,2,Anaheim Ducks,Ottawa Senators,2,3
2025-11-20,2025020330,2,San Jose Sharks,Los Angeles Kings,4,3
2025-11-21,2025020331,2,Buffalo Sabres,Chicago Blackhawks,9,3
2025-11-21,2025020332,2,Pittsburgh Penguins,Minnesota Wild,0,5
2025-11-21,2025020333,2,Winnipeg Jets,Carolina Hurricanes,3,4
2025-11-21,2025020334,2,Los Angeles Kings,Boston Bruins,1,2
2025-11-22,2025020335,2,Detroit Red Wings,Columbus Blue Jackets,4,3
2025-11-22,2025020336,2,New York Islanders,St. Louis Blues,1,2
2025-11-22,2025020337,2,Montréal Canadiens,Toronto Maple Leafs,5,2
2025-11-22,2025020338,2,Florida Panthers,Edmonton Oilers,3,6
2025-11-22,2025020339,2,Philadelphia Flyers,New Jersey Devils,6,3
2025-11-22,2025020340,2,Pittsburgh Penguins,Seattle Kraken,2,3
2025-11-22,2025020341,2,Washington Capitals,Tampa Bay Lightning,3,5
2025-11-22,2025020342,2,San Jose Sharks,Ottawa Senators,2,3
2025-11-22,2025020343,2,Nashville Predators,Colorado Avalanche,0,3
2025-11-22,2025020344,2,Utah Mammoth,New York Rangers,3,2
2025-11-22,2025020345,2,Calgary Flames,Dallas Stars,3,2
2025-11-22,2025020346,2,Anaheim Ducks,Vegas Golden Knights,4,3
2025-11-23,2025020347,2,Buffalo Sabres,Carolina Hurricanes,4,1
2025-11-23,2025020348,2,Winnipeg Jets,Minnesota Wild,0,3
2025-11-23,2025020349,2,New York Islanders,Seattle Kraken,1,0
2025-11-23,2025020350,2,Chicago Blackhawks,Colorado Avalanche,0,1
2025-11-23,2025020351,2,San Jose Sharks,Boston Bruins,3,1
2025-11-23,2025020352,2,Vancouver Canucks,Calgary Flames,2,5
2025-11-24,2025020353,2,Tampa Bay Lightning,Philadelphia Flyers,3,0
2025-11-24,2025020354,2,New Jersey Devils,Detroit Red Wings,4,3
2025-11-24,2025020355,2,New York Rangers,St. Louis Blues,3,2
2025-11-24,2025020356,2,Washington Capitals,Columbus Blue Jackets,5,1
2025-11-24,2025020357,2,Nashville Predators,Florida Panthers,3,8
2025-11-24,2025020358,2,Utah Mammoth,Vegas Golden Knights,5,1
2025-11-24,2025020359,2,Los Angeles Kings,Ottawa Senators,2,1
2025-11-25,2025020360,2,Edmonton Oilers,Dallas Stars,3,8
2025-11-26,2025020361,2,Detroit Red Wings,Nashville Predators,3,6
2025-11-26,2025020362,2,Tampa Bay Lightning,Calgary Flames,5,1
2025-11-26,2025020363,2,Florida Panthers,Philadelphia Flyers,2,4
2025-11-26,2025020364,2,New Jersey Devils,St. Louis Blues,3,2
2025-11-26,2025020365,2,New York Islanders,Boston Bruins,1,3
2025-11-26,2025020366,2,Pittsburgh Penguins,Buffalo Sabres,4,2
2025-11-26,2025020367,2,Washington Capitals,Winnipeg Jets,4,3
2025-11-26,2025020368,2,Carolina Hurricanes,New York Rangers,2,4
2025-11-26,2025020369,2,Columbus Blue Jackets,Toronto Maple Leafs,1,2
2025-11-26,2025020370,2,Chicago Blackhawks,Minnesota Wild,3,4
2025-11-26,2025020371,2,Colorado Avalanche,San Jose Sharks,6,0
2025-11-26,2025020372,2,Utah Mammoth,Montréal Canadiens,3,4
2025-11-26,2025020373,2,Vegas Golden Knights,Ottawa Senators,3,4
2025-11-26,2025020374,2,Anaheim Ducks,Vancouver Canucks,4,5
2025-11-26,2025020375,2,Seattle Kraken,Dallas Stars,2,3
2025-11-28,2025020376,2,Boston Bruins,New York Rangers,2,6
2025-11-28,2025020377,2,Detroit Red Wings,Tampa Bay Lightning,3,6
2025-11-28,2025020378,2,Minnesota Wild,Colorado Avalanche,3,2
2025-11-28,2025020379,2,Buffalo Sabres,New Jersey Devils,0,5
2025-11-28,2025020380,2,Florida Panthers,Calgary Flames,3,5
2025-11-28,2025020381,2,New York Islanders,Philadelphia Flyers,3,4
2025-11-28,2025020382,2,St. Louis Blues,Ottawa Senators,4,3
2025-11-28,2025020383,2,Vegas Golden Knights,Montréal Canadiens,1,4
2025-11-28,2025020384,2,Anaheim Ducks,Los Angeles Kings,5,4
2025-11-28,2025020385,2,San Jose Sharks,Vancouver Canucks,3,2
2025-11-28,2025020386,2,Washington Capitals,Toronto Maple Leafs,4,2
2025-11-28,2025020387,2,Carolina Hurricanes,Winnipeg Jets,5,1
2025-11-28,2025020388,2,Columbus Blue Jackets,Pittsburgh Penguins,3,4
2025-11-28,2025020389,2,Chicago Blackhawks,Nashville Predators,3,4
2025-11-28,2025020390,2,Dallas Stars,Utah Mammoth,4,3
2025-11-29,2025020391,2,New York Rangers,Tampa Bay Lightning,1,4
2025-11-29,2025020392,2,Colorado Avalanche,Montréal Canadiens,7,2
2025-11-29,2025020393,2,Seattle Kraken,Edmonton Oilers,0,4
2025-11-29,2025020394,2,Boston Bruins,Detroit Red Wings,3,2
2025-11-29,2025020395,2,New Jersey Devils,Philadelphia Flyers,3,5
2025-11-29,2025020396,2,Pittsburgh Penguins,Toronto Maple Leafs,2,7
2025-11-29,2025020397,2,Nashville Predators,Winnipeg Jets,2,5
2025-11-29,2025020398,2,St. Louis Blues,Utah Mammoth,1,0
2025-11-29,2025020399,2,Minnesota Wild,Buffalo Sabres,2,3
2025-11-29,2025020400,2,Vegas Golden Knights,San Jose Sharks,4,3
2025-11-29,2025020401,2,Los Angeles Kings,Vancouver Canucks,2,1
2025-11-30,2025020402,2,New York Islanders,Washington Capitals,1,4
2025-11-30,2025020403,2,Chicago Blackhawks,Anaheim Ducks,5,3
2025-11-30,2025020404,2,Carolina Hurricanes,Calgary Flames,1,0
2025-11-30,2025020405,2,Dallas Stars,Ottawa Senators,6,1
2025-12-01,2025020406,2,New Jersey Devils,Columbus Blue Jackets,3,5
2025-12-01,2025020407,2,Philadelphia Flyers,Pittsburgh Penguins,1,5
2025-12-01,2025020408,2,Buffalo Sabres,Winnipeg Jets,5,1
2025-12-01,2025020409,2,St. Louis Blues,Anaheim Ducks,1,4
2025-12-01,2025020410,2,San Jose Sharks,Utah Mammoth,6,3
2025-12-02,2025020411,2,Montréal Canadiens,Ottawa Senators,2,5
2025-12-02,2025020412,2,Detroit Red Wings,Boston Bruins,5,4
2025-12-02,2025020413,2,Florida Panthers,Toronto Maple Leafs,1,4
2025-12-02,2025020414,2,New York Islanders,Tampa Bay Lightning,2,1
2025-12-02,2025020415,2,New York Rangers,Dallas Stars,3,2
2025-12-02,2025020416,2,Nashville Predators,Calgary Flames,5,1
2025-12-02,2025020417,2,Colorado Avalanche,Vancouver Canucks,3,1
2025-12-02,2025020418,2,Edmonton Oilers,Minnesota Wild,0,1
2025-12-02,2025020419,2,Vegas Golden Knights,Chicago Blackhawks,4,3
2025-12-02,2025020420,2,Los Angeles Kings,Washington Capitals,1,3
2025-12-03,2025020421,2,New Jersey Devils,Dallas Stars,0,3
2025-12-03,2025020422,2,Montréal Canadiens,Winnipeg Jets,3,2
2025-12-03,2025020423,2,Philadelphia Flyers,Buffalo Sabres,5,2
2025-12-03,2025020424,2,Anaheim Ducks,Utah Mammoth,0,7
2025-12-03,2025020425,2,San Jose Sharks,Washington Capitals,1,7
2025-12-04,2025020426,2,Boston Bruins,St. Louis Blues,5,2
2025-12-04,2025020427,2,Ottawa Senators,New York Rangers,2,4
2025-12-04,2025020428,2,Tampa Bay Lightning,Pittsburgh Penguins,3,4
2025-12-04,2025020429,2,Florida Panthers,Nashville Predators,1,2
2025-12-04,2025020430,2,New York Islanders,Colorado Avalanche,6,3
2025-12-04,2025020431,2,Carolina Hurricanes,Toronto Maple Leafs,1,5
2025-12-04,2025020432,2,Columbus Blue Jackets,Detroit Red Wings,6,5
2025-12-04,2025020433,2,Calgary Flames,Minnesota Wild,4,1
2025-12-04,2025020434,2,Edmonton Oilers,Seattle Kraken,9,4
2025-12-04,2025020435,2,Los Angeles Kings,Chicago Blackhawks,1,2
2025-12-05,2025020436,2,New Jersey Devils,Vegas Golden Knights,0,3
2025-12-05,2025020437,2,Winnipeg Jets,Buffalo Sabres,4,1
2025-12-05,2025020438,2,Dallas Stars,San Jose Sharks,4,1
2025-12-05,2025020439,2,Vancouver Canucks,Utah Mammoth,1,4
2025-12-05,2025020440,2,Anaheim Ducks,Washington Capitals,4,3
2025-12-06,2025020441,2,New York Rangers,Colorado Avalanche,2,3
2025-12-06,2025020442,2,Florida Panthers,Columbus Blue Jackets,7,6
2025-12-06,2025020443,2,Boston Bruins,New Jersey Devils,4,1
2025-12-06,2025020444,2,Toronto Maple Leafs,Montréal Canadiens,1,2
2025-12-06,2025020445,2,Ottawa Senators,St. Louis Blues,1,2
2025-12-06,2025020446,2,Tampa Bay Lightning,New York Islanders,0,2
2025-12-06,2025020447,2,Carolina Hurricanes,Nashville Predators,6,3
2025-12-06,2025020448,2,Calgary Flames,Utah Mammoth,2,0
2025-12-06,2025020449,2,Los Angeles Kings,Chicago Blackhawks,6,0
2025-12-06,2025020450,2,Edmonton Oilers,Winnipeg Jets,6,2
2025-12-06,2025020451,2,Vancouver Canucks,Minnesota Wild,4,2
2025-12-06,2025020452,2,Seattle Kraken,Detroit Red Wings,3,4
2025-12-07,2025020453,2,Philadelphia Flyers,Colorado Avalanche,2,3
2025-12-07,2025020454,2,Florida Panthers,New York Islanders,4,1
2025-12-07,2025020455,2,Carolina Hurricanes,San Jose Sharks,1,4
2025-12-07,2025020456,2,Dallas Stars,Pittsburgh Penguins,3,2
2025-12-07,2025020457,2,Montréal Canadiens,St. Louis Blues,3,4
2025-12-07,2025020458,2,New York Rangers,Vegas Golden Knights,2,3
2025-12-07,2025020459,2,Washington Capitals,Columbus Blue Jackets,2,0
2025-12-07,2025020460,2,Anaheim Ducks,Chicago Blackhawks,7,1
2025-12-08,2025020461,2,Toronto Maple Leafs,Tampa Bay Lightning,2,0
2025-12-08,2025020462,2,Utah Mammoth,Los Angeles Kings,2,4
2025-12-08,2025020463,2,Calgary Flames,Buffalo Sabres,7,4
2025-12-08,2025020464,2,Vancouver Canucks,Detroit Red Wings,0,4
2025-12-08,2025020465,2,Seattle Kraken,Minnesota Wild,1,4
2025-12-09,2025020466,2,Montréal Canadiens,Tampa Bay Lightning,1,6
2025-12-09,2025020467,2,Ottawa Senators,New Jersey Devils,3,4
2025-12-09,2025020468,2,New York Islanders,Vegas Golden Knights,5,4
2025-12-09,2025020469,2,Philadelphia Flyers,San Jose Sharks,4,1
2025-12-09,2025020470,2,Pittsburgh Penguins,Anaheim Ducks,3,4
2025-12-09,2025020471,2,Carolina Hurricanes,Columbus Blue Jackets,4,1
2025-12-09,2025020472,2,St. Louis Blues,Boston Bruins,2,5
2025-12-09,2025020473,2,Winnipeg Jets,Dallas Stars,3,4
2025-12-09,2025020474,2,Edmonton Oilers,Buffalo Sabres,3,4
2025-12-09,2025020475,2,Nashville Predators,Colorado Avalanche,4,3
2025-12-10,2025020476,2,Chicago Blackhawks,New York Rangers,3,0
2025-12-10,2025020477,2,Calgary Flames,Detroit Red Wings,3,4
2025-12-10,2025020478,2,Utah Mammoth,Florida Panthers,3,4
2025-12-10,2025020479,2,Seattle Kraken,Los Angeles Kings,3,2
2025-12-11,2025020480,2,Toronto Maple Leafs,San Jose Sharks,2,3
2025-12-11,2025020481,2,New Jersey Devils,Tampa Bay Lightning,4,8
2025-12-11,2025020482,2,New York Islanders,Anaheim Ducks,5,2
2025-12-11,2025020483,2,Philadelphia Flyers,Vegas Golden Knights,2,3
2025-12-11,2025020484,2,Pittsburgh Penguins,Montréal Canadiens,2,4
2025-12-11,2025020485,2,Washington Capitals,Carolina Hurricanes,2,3
2025-12-11,2025020486,2,Columbus Blue Jackets,Ottawa Senators,3,6
2025-12-11,2025020487,2,Nashville Predators,St. Louis Blues,7,2
2025-12-11,2025020488,2,Minnesota Wild,Dallas Stars,5,2
2025-12-11,2025020489,2,Winnipeg Jets,Boston Bruins,3,6
2025-12-11,2025020490,2,Colorado Avalanche,Florida Panthers,6,2
2025-12-11,2025020491,2,Edmonton Oilers,Detroit Red Wings,4,1
2025-12-11,2025020492,2,Vancouver Canucks,Buffalo Sabres,2,3
2025-12-12,2025020493,2,St. Louis Blues,Chicago Blackhawks,3,2
2025-12-12,2025020494,2,Utah Mammoth,Seattle Kraken,5,3
2025-12-13,2025020495,2,New Jersey Devils,Anaheim Ducks,4,1
2025-12-13,2025020496,2,Minnesota Wild,Ottawa Senators,3,2
2025-12-13,2025020497,2,Pittsburgh Penguins,San Jose Sharks,5,6
2025-12-13,2025020498,2,New York Islanders,Tampa Bay Lightning,3,2
2025-12-13,2025020499,2,Toronto Maple Leafs,Edmonton Oilers,3,6
2025-12-13,2025020500,2,New York Rangers,Montréal Canadiens,5,4
2025-12-13,2025020501,2,Philadelphia Flyers,Carolina Hurricanes,3,4
2025-12-13,2025020502,2,Columbus Blue Jackets,Vegas Golden Knights,2,3
2025-12-13,2025020503,2,Winnipeg Jets,Washington Capitals,5,1
2025-12-13,2025020504,2,Chicago Blackhawks,Detroit Red Wings,0,4
2025-12-13,2025020505,2,Dallas Stars,Florida Panthers,0,4
2025-12-13,2025020506,2,Colorado Avalanche,Nashville Predators,4,2
2025-12-13,2025020507,2,Los Angeles Kings,Calgary Flames,1,2
2025-12-14,2025020508,2,New Jersey Devils,Vancouver Canucks,1,2
2025-12-14,2025020509,2,Pittsburgh Penguins,Utah Mammoth,4,5
2025-12-14,2025020510,2,Carolina Hurricanes,Philadelphia Flyers,3,2
2025-12-14,2025020511,2,Minnesota Wild,Boston Bruins,6,2
2025-12-14,2025020512,2,Montréal Canadiens,Edmonton Oilers,4,1
2025-12-14,2025020513,2,Seattle Kraken,Buffalo Sabres,1,3
2025-12-15,2025020514,2,Tampa Bay Lightning,Florida Panthers,2,5
2025-12-15,2025020515,2,New York Rangers,Anaheim Ducks,1,4
2025-12-15,2025020516,2,Winnipeg Jets,Ottawa Senators,2,3
2025-12-15,2025020517,2,St. Louis Blues,Nashville Predators,2,5
2025-12-15,2025020518,2,Dallas Stars,Los Angeles Kings,4,1
2025-12-16,2025020519,2,Boston Bruins,Utah Mammoth,4,1
2025-12-16,2025020520,2,Toronto Maple Leafs,Chicago Blackhawks,3,2
2025-12-16,2025020521,2,Montréal Canadiens,Philadelphia Flyers,1,4
2025-12-16,2025020522,2,Detroit Red Wings,New York Islanders,3,2
2025-12-16,2025020523,2,New York Rangers,Vancouver Canucks,0,3
2025-12-16,2025020524,2,Pittsburgh Penguins,Edmonton Oilers,4,6
2025-12-16,2025020525,2,Columbus Blue Jackets,Anaheim Ducks,4,3
2025-12-16,2025020526,2,Minnesota Wild,Washington Capitals,5,0
2025-12-16,2025020527,2,San Jose Sharks,Calgary Flames,6,3
2025-12-16,2025020528,2,Seattle Kraken,Colorado Avalanche,3,5
2025-12-17,2025020529,2,Florida Panthers,Los Angeles Kings,3,2
2025-12-17,2025020530,2,Detroit Red Wings,Utah Mammoth,1,4
2025-12-17,2025020531,2,St. Louis Blues,Winnipeg Jets,1,0
2025-12-17,2025020532,2,Nashville Predators,Carolina Hurricanes,1,4
2025-12-17,2025020533,2,Vegas Golden Knights,New Jersey Devils,1,2
2025-12-18,2025020534,2,Boston Bruins,Edmonton Oilers,1,3
2025-12-18,2025020535,2,Buffalo Sabres,Philadelphia Flyers,5,3
2025-12-18,2025020536,2,Montréal Canadiens,Chicago Blackhawks,4,1
2025-12-18,2025020537,2,Ottawa Senators,Pittsburgh Penguins,4,0
2025-12-18,2025020538,2,Tampa Bay Lightning,Los Angeles Kings,1,2
2025-12-18,2025020539,2,Washington Capitals,Toronto Maple Leafs,4,0
2025-12-18,2025020540,2,Columbus Blue Jackets,Minnesota Wild,2,5
2025-12-18,2025020541,2,St. Louis Blues,New York Rangers,1,2
2025-12-18,2025020542,2,Calgary Flames,Seattle Kraken,4,2
2025-12-18,2025020543,2,San Jose Sharks,Dallas Stars,3,5
2025-12-19,2025020544,2,Florida Panthers,Carolina Hurricanes,4,3
2025-12-19,2025020545,2,New York Islanders,Vancouver Canucks,1,4
2025-12-19,2025020546,2,Colorado Avalanche,Winnipeg Jets,3,2
2025-12-19,2025020547,2,Utah Mammoth,New Jersey Devils,1,2
2025-12-19,2025020548,2,Anaheim Ducks,Dallas Stars,3,8
2025-12-20,2025020549,2,New York Rangers,Philadelphia Flyers,5,4
2025-12-20,2025020550,2,Washington Capitals,Detroit Red Wings,2,5
2025-12-20,2025020551,2,Ottawa Senators,Chicago Blackhawks,6,4
2025-12-20,2025020552,2,Minnesota Wild,Edmonton Oilers,5,2
2025-12-20,2025020553,2,Buffalo Sabres,New York Islanders,3,2
2025-12-20,2025020554,2,Florida Panthers,St. Louis Blues,2,6
2025-12-20,2025020555,2,Boston Bruins,Vancouver Canucks,4,5
2025-12-20,2025020556,2,Montréal Canadiens,Pittsburgh Penguins,4,0
2025-12-20,2025020557,2,Tampa Bay Lightning,Carolina Hurricanes,6,4
2025-12-20,2025020558,2,Nashville Predators,Toronto Maple Leafs,5,3
2025-12-20,2025020559,2,Calgary Flames,Vegas Golden Knights,6,3
2025-12-20,2025020560,2,Anaheim Ducks,Columbus Blue Jackets,4,3
2025-12-20,2025020561,2,San Jose Sharks,Seattle Kraken,2,4
2025-12-21,2025020562,2,Detroit Red Wings,Washington Capitals,3,2
2025-12-21,2025020563,2,Minnesota Wild,Colorado Avalanche,1,5
2025-12-21,2025020564,2,Boston Bruins,Ottawa Senators,2,6
2025-12-21,2025020565,2,New Jersey Devils,Buffalo Sabres,1,3
2025-12-21,2025020566,2,Pittsburgh Penguins,Montréal Canadiens,4,3
2025-12-21,2025020567,2,Nashville Predators,New York Rangers,2,1
2025-12-21,2025020568,2,Dallas Stars,Toronto Maple Leafs,5,1
2025-12-21,2025020569,2,Utah Mammoth,Winnipeg Jets,4,3
2025-12-21,2025020570,2,Edmonton Oilers,Vegas Golden Knights,4,3
2025-12-22,2025020571,2,Tampa Bay Lightning,St. Louis Blues,4,1
2025-12-22,2025020572,2,Philadelphia Flyers,Vancouver Canucks,5,2
2025-12-22,2025020573,2,Anaheim Ducks,Seattle Kraken,1,3
2025-12-22,2025020574,2,Los Angeles Kings,Columbus Blue Jackets,1,3
2025-12-23,2025020575,2,Toronto Maple Leafs,Pittsburgh Penguins,6,3
2025-12-23,2025020576,2,Washington Capitals,New York Rangers,3,7
2025-12-23,2025020577,2,Boston Bruins,Montréal Canadiens,2,6
2025-12-23,2025020578,2,Ottawa Senators,Buffalo Sabres,2,3
2025-12-23,2025020579,2,Detroit Red Wings,Dallas Stars,4,3
2025-12-23,2025020580,2,New York Islanders,New Jersey Devils,2,1
2025-12-23,2025020581,2,Carolina Hurricanes,Florida Panthers,2,5
2025-12-23,2025020582,2,Minnesota Wild,Nashville Predators,2,3
2025-12-23,2025020583,2,Chicago Blackhawks,Philadelphia Flyers,1,3
2025-12-23,2025020584,2,Colorado Avalanche,Utah Mammoth,1,0
2025-12-23,2025020585,2,Edmonton Oilers,Calgary Flames,5,1
2025-12-23,2025020586,2,Vegas Golden Knights,San Jose Sharks,7,2
2025-12-23,2025020587,2,Los Angeles Kings,Seattle Kraken,2,3
2025-12-27,2025020588,2,New York Islanders,New York Rangers,2,0
2025-12-27,2025020589,2,Buffalo Sabres,Boston Bruins,4,1
2025-12-27,2025020590,2,Toronto Maple Leafs,Ottawa Senators,7,5
2025-12-27,2025020591,2,Florida Panthers,Tampa Bay Lightning,2,4
2025-12-27,2025020592,2,New Jersey Devils,Washington Capitals,3,4
2025-12-27,2025020593,2,Carolina Hurricanes,Detroit Red Wings,5,2
2025-12-27,2025020594,2,Winnipeg Jets,Minnesota Wild,3,4
2025-12-27,2025020595,2,St. Louis Blues,Nashville Predators,3,2
2025-12-27,2025020596,2,Dallas Stars,Chicago Blackhawks,3,4
2025-12-27,2025020597,2,Los Angeles Kings,Anaheim Ducks,6,1
2025-12-27,2025020598,2,Calgary Flames,Edmonton Oilers,3,2
2025-12-27,2025020599,2,Vancouver Canucks,San Jose Sharks,3,6
2025-12-27,2025020600,2,Vegas Golden Knights,Colorado Avalanche,5,6
2025-12-28,2025020601,2,Detroit Red Wings,Toronto Maple Leafs,3,2
2025-12-28,2025020602,2,Tampa Bay Lightning,Montréal Canadiens,5,4
2025-12-28,2025020603,2,Columbus Blue Jackets,New York Islanders,4,2
2025-12-28,2025020604,2,Chicago Blackhawks,Pittsburgh Penguins,3,7
2025-12-28,2025020605,2,Seattle Kraken,Philadelphia Flyers,4,1
2025-12-29,2025020606,2,Ottawa Senators,Columbus Blue Jackets,1,4
2025-12-29,2025020607,2,Florida Panthers,Washington Capitals,5,3
2025-12-29,2025020608,2,Carolina Hurricanes,New York Rangers,3,2
2025-12-29,2025020609,2,Winnipeg Jets,Edmonton Oilers,1,3
2025-12-29,2025020610,2,St. Louis Blues,Buffalo Sabres,2,4
2025-12-29,2025020611,2,Colorado Avalanche,Los Angeles Kings,5,2
2025-12-29,2025020612,2,Utah Mammoth,Nashville Predators,3,4
2025-12-29,2025020613,2,Calgary Flames,Boston Bruins,2,1
2025-12-29,2025020614,2,Vegas Golden Knights,Minnesota Wild,2,5
2025-12-29,2025020615,2,Anaheim Ducks,San Jose Sharks,4,5
2025-12-29,2025020616,2,Seattle Kraken,Vancouver Canucks,2,3
2025-12-30,2025020617,2,Toronto Maple Leafs,New Jersey Devils,4,0
2025-12-30,2025020618,2,Florida Panthers,Montréal Canadiens,2,3
2025-12-30,2025020619,2,Pittsburgh Penguins,Carolina Hurricanes,5,1
2025-12-30,2025020620,2,Chicago Blackhawks,New York Islanders,2,3
2025-12-30,2025020621,2,Vancouver Canucks,Philadelphia Flyers,3,6
2025-12-31,2025020622,2,Washington Capitals,New York Rangers,6,3
2025-12-31,2025020623,2,Vegas Golden Knights,Nashville Predators,2,4
2025-12-31,2025020624,2,Anaheim Ducks,Tampa Bay Lightning,3,4
2025-12-31,2025020625,2,San Jose Sharks,Minnesota Wild,4,3
2025-12-31,2025020626,2,Detroit Red Wings,Winnipeg Jets,2,1
2025-12-31,2025020627,2,Columbus Blue Jackets,New Jersey Devils,2,3
2025-12-31,2025020628,2,Dallas Stars,Buffalo Sabres,1,4
2025-12-31,2025020629,2,Colorado Avalanche,St. Louis Blues,6,1
2025-12-31,2025020630,2,Calgary Flames,Philadelphia Flyers,5,1
2025-12-31,2025020631,2,Edmonton Oilers,Boston Bruins,2,6
2026-01-01,2025020632,2,Ottawa Senators,Washington Capitals,4,3
2026-01-01,2025020633,2,New York Islanders,Utah Mammoth,2,7
2026-01-01,2025020634,2,Toronto Maple Leafs,Winnipeg Jets,6,5
2026-01-01,2025020635,2,Pittsburgh Penguins,Detroit Red Wings,4,3
2026-01-01,2025020636,2,Carolina Hurricanes,Montréal Canadiens,5,7
2026-01-01,2025020637,2,Chicago Blackhawks,Dallas Stars,4,3
2026-01-01,2025020638,2,Seattle Kraken,Nashville Predators,4,1
2026-01-01,2025020639,2,Los Angeles Kings,Tampa Bay Lightning,3,5
2026-01-02,2025020640,2,St. Louis Blues,Vegas Golden Knights,4,3
2026-01-02,2025020641,2,Florida Panthers,New York Rangers,1,5
2026-01-02,2025020642,2,Vancouver Canucks,Seattle Kraken,3,4
2026-01-02,2025020643,2,Anaheim Ducks,Minnesota Wild,2,5
2026-01-03,2025020644,2,Detroit Red Wings,Pittsburgh Penguins,1,4
2026-01-03,2025020645,2,New Jersey Devils,Utah Mammoth,4,1
2026-01-03,2025020646,2,Columbus Blue Jackets,Buffalo Sabres,5,1
2026-01-03,2025020647,2,Edmonton Oilers,Philadelphia Flyers,2,5
2026-01-03,2025020648,2,St. Louis Blues,Montréal Canadiens,2,0
2026-01-03,2025020649,2,San Jose Sharks,Tampa Bay Lightning,3,7
2026-01-03,2025020650,2,Ottawa Senators,Winnipeg Jets,4,2
2026-01-03,2025020651,2,New York Islanders,Toronto Maple Leafs,4,3
2026-01-03,2025020652,2,Washington Capitals,Chicago Blackhawks,2,3
2026-01-03,2025020653,2,Carolina Hurricanes,Colorado Avalanche,3,5
2026-01-03,2025020654,2,Calgary Flames,Nashville Predators,3,4
2026-01-03,2025020655,2,Los Angeles Kings,Minnesota Wild,5,4
2026-01-03,2025020656,2,Vancouver Canucks,Boston Bruins,2,3
2026-01-04,2025020657,2,Dallas Stars,Montréal Canadiens,3,4
2026-01-04,2025020658,2,Columbus Blue Jackets,Pittsburgh Penguins,4,5
2026-01-04,2025020659,2,Florida Panthers,Colorado Avalanche,2,1
2026-01-04,2025020660,2,New Jersey Devils,Carolina Hurricanes,1,3
2026-01-04,2025020661,2,Chicago Blackhawks,Vegas Golden Knights,3,2
2026-01-05,2025020662,2,New York Rangers,Utah Mammoth,2,3
2026-01-05,2025020663,2,Washington Capitals,Anaheim Ducks,7,4
2026-01-05,2025020664,2,Ottawa Senators,Detroit Red Wings,3,5
2026-01-05,2025020665,2,Calgary Flames,Seattle Kraken,1,5
2026-01-05,2025020666,2,Los Angeles Kings,Minnesota Wild,4,2
2026-01-06,2025020667,2,Buffalo Sabres,Vancouver Canucks,5,3
2026-01-06,2025020668,2,Tampa Bay Lightning,Colorado Avalanche,4,2
2026-01-06,2025020669,2,New York Islanders,New Jersey Devils,9,0
2026-01-06,2025020670,2,Philadelphia Flyers,Anaheim Ducks,5,2
2026-01-06,2025020671,2,Carolina Hurricanes,Dallas Stars,6,3
2026-01-06,2025020672,2,Toronto Maple Leafs,Florida Panthers,4,1
2026-01-06,2025020673,2,Winnipeg Jets,Vegas Golden Knights,3,4
2026-01-06,2025020674,2,Edmonton Oilers,Nashville Predators,6,2
2026-01-06,2025020675,2,San Jose Sharks,Columbus Blue Jackets,5,2
2026-01-06,2025020676,2,Seattle Kraken,Boston Bruins,7,4
2026-01-07,2025020677,2,Washington Capitals,Dallas Stars,1,4
2026-01-07,2025020678,2,Montréal Canadiens,Calgary Flames,4,1
2026-01-07,2025020679,2,Chicago Blackhawks,St. Louis Blues,7,3
2026-01-07,2025020680,2,Utah Mammoth,Ottawa Senators,3,1
2026-01-07,2025020681,2,Los Angeles Kings,San Jose Sharks,3,4
2026-01-08,2025020682,2,Boston Bruins,Calgary Flames,4,1
2026-01-08,2025020683,2,Montréal Canadiens,Florida Panthers,6,2
2026-01-08,2025020684,2,Detroit Red Wings,Vancouver Canucks,5,1
2026-01-08,2025020685,2,New York Rangers,Buffalo Sabres,2,5
2026-01-08,2025020686,2,Philadelphia Flyers,Toronto Maple Leafs,1,2
2026-01-08,2025020687,2,Pittsburgh Penguins,New Jersey Devils,4,1
2026-01-08,2025020688,2,Carolina Hurricanes,Anaheim Ducks,5,2
2026-01-08,2025020689,2,Nashville Predators,New York Islanders,2,1
2026-01-08,2025020690,2,Winnipeg Jets,Edmonton Oilers,3,4
2026-01-08,2025020691,2,Colorado Avalanche,Ottawa Senators,8,2
2026-01-08,2025020692,2,Vegas Golden Knights,Columbus Blue Jackets,5,3
2026-01-08,2025020693,2,Seattle Kraken,Minnesota Wild,2,3
2026-01-09,2025020694,2,Chicago Blackhawks,Washington Capitals,1,5
2026-01-09,2025020695,2,Winnipeg Jets,Los Angeles Kings,5,1
2026-01-09,2025020696,2,Utah Mammoth,St. Louis Blues,4,2
2026-01-10,2025020697,2,Boston Bruins,New York Rangers,10,2
2026-01-10,2025020698,2,Pittsburgh Penguins,Calgary Flames,1,2
2026-01-10,2025020699,2,Colorado Avalanche,Columbus Blue Jackets,4,0
2026-01-10,2025020700,2,San Jose Sharks,Dallas Stars,5,4
2026-01-10,2025020701,2,Buffalo Sabres,Anaheim Ducks,5,3
2026-01-10,2025020702,2,Toronto Maple Leafs,Vancouver Canucks,5,0
2026-01-10,2025020703,2,Montréal Canadiens,Detroit Red Wings,0,4
2026-01-10,2025020704,2,Ottawa Senators,Florida Panthers,2,3
2026-01-10,2025020705,2,Philadelphia Flyers,Tampa Bay Lightning,2,7
2026-01-10,2025020706,2,Carolina Hurricanes,Seattle Kraken,3,2
2026-01-10,2025020707,2,Nashville Predators,Chicago Blackhawks,0,3
2026-01-10,2025020708,2,Minnesota Wild,New York Islanders,3,4
2026-01-10,2025020709,2,Edmonton Oilers,Los Angeles Kings,3,4
2026-01-10,2025020710,2,Vegas Golden Knights,St. Louis Blues,4,2
2026-01-11,2025020711,2,Winnipeg Jets,New Jersey Devils,4,3
2026-01-11,2025020712,2,Boston Bruins,Pittsburgh Penguins,1,0
2026-01-11,2025020713,2,Nashville Predators,Washington Capitals,3,2
2026-01-11,2025020714,2,Utah Mammoth,Columbus Blue Jackets,2,3
2026-01-11,2025020715,2,San Jose Sharks,Vegas Golden Knights,2,7
2026-01-12,2025020716,2,Buffalo Sabres,Florida Panthers,3,4
2026-01-12,2025020717,2,Detroit Red Wings,Carolina Hurricanes,4,3
2026-01-12,2025020718,2,New York Rangers,Seattle Kraken,2,4
2026-01-12,2025020719,2,Philadelphia Flyers,Tampa Bay Lightning,1,5
2026-01-12,2025020720,2,Montréal Canadiens,Vancouver Canucks,6,3
2026-01-12,2025020721,2,Minnesota Wild,New Jersey Devils,2,5
2026-01-12,2025020722,2,Chicago Blackhawks,Edmonton Oilers,1,4
2026-01-12,2025020723,2,Colorado Avalanche,Toronto Maple Leafs,3,4
2026-01-12,2025020724,2,Los Angeles Kings,Dallas Stars,1,3
2026-01-13,2025020725,2,Ottawa Senators,Vancouver Canucks,2,1
2026-01-13,2025020726,2,Pittsburgh Penguins,Tampa Bay Lightning,1,2
2026-01-13,2025020727,2,Washington Capitals,Montréal Canadiens,3,2
2026-01-13,2025020728,2,Columbus Blue Jackets,Calgary Flames,5,3
2026-01-13,2025020729,2,Boston Bruins,Detroit Red Wings,3,0
2026-01-13,2025020730,2,St. Louis Blues,Carolina Hurricanes,3,0
2026-01-13,2025020731,2,Nashville Predators,Edmonton Oilers,4,3
2026-01-13,2025020732,2,Winnipeg Jets,New York Islanders,5,4
2026-01-13,2025020733,2,Utah Mammoth,Toronto Maple Leafs,6,1
2026-01-13,2025020734,2,Anaheim Ducks,Dallas Stars,3,1
2026-01-14,2025020735,2,New Jersey Devils,Seattle Kraken,3,2
2026-01-14,2025020736,2,Buffalo Sabres,Philadelphia Flyers,5,2
2026-01-14,2025020737,2,New York Rangers,Ottawa Senators,4,8
2026-01-14,2025020738,2,Los Angeles Kings,Vegas Golden Knights,2,3
2026-01-15,2025020739,2,Boston Bruins,Seattle Kraken,4,2
2026-01-15,2025020740,2,Buffalo Sabres,Montréal Canadiens,5,3
2026-01-15,2025020741,2,Pittsburgh Penguins,Philadelphia Flyers,6,3
2026-01-15,2025020742,2,Washington Capitals,San Jose Sharks,2,3
2026-01-15,2025020743,2,Columbus Blue Jackets,Vancouver Canucks,4,1
2026-01-15,2025020744,2,Minnesota Wild,Winnipeg Jets,2,6
2026-01-15,2025020745,2,Chicago Blackhawks,Calgary Flames,1,3
2026-01-15,2025020746,2,Utah Mammoth,Dallas Stars,2,1
2026-01-15,2025020747,2,Edmonton Oilers,New York Islanders,0,1
2026-01-15,2025020748,2,Vegas Golden Knights,Toronto Maple Leafs,6,5
2026-01-16,2025020749,2,Detroit Red Wings,San Jose Sharks,4,2
2026-01-16,2025020750,2,Carolina Hurricanes,Florida Panthers,9,1
2026-01-16,2025020751,2,St. Louis Blues,Tampa Bay Lightning,3,2
2026-01-16,2025020752,2,Colorado Avalanche,Nashville Predators,3,7
2026-01-16,2025020753,2,Los Angeles Kings,Anaheim Ducks,2,3
2026-01-17,2025020754,2,Buffalo Sabres,Minnesota Wild,4,5
2026-01-17,2025020755,2,Philadelphia Flyers,New York Rangers,3,6
2026-01-17,2025020756,2,Calgary Flames,New York Islanders,4,2
2026-01-17,2025020757,2,Utah Mammoth,Seattle Kraken,6,3
2026-01-17,2025020758,2,Ottawa Senators,Montréal Canadiens,5,6
2026-01-17,2025020759,2,New Jersey Devils,Carolina Hurricanes,1,4
2026-01-17,2025020760,2,Pittsburgh Penguins,Columbus Blue Jackets,3,4
2026-01-17,2025020761,2,Washington Capitals,Florida Panthers,2,5
2026-01-17,2025020762,2,Winnipeg Jets,Toronto Maple Leafs,3,4
2026-01-17,2025020763,2,Chicago Blackhawks,Boston Bruins,2,5
2026-01-17,2025020764,2,Vancouver Canucks,Edmonton Oilers,0,6
2026-01-17,2025020765,2,Vegas Golden Knights,Nashville Predators,7,2
2026-01-17,2025020766,2,Anaheim Ducks,Los Angeles Kings,2,1
2026-01-18,2025020767,2,Dallas Stars,Tampa Bay Lightning,1,4
2026-01-18,2025020768,2,Detroit Red Wings,Ottawa Senators,4,3
2026-01-18,2025020769,2,Edmonton Oilers,St. Louis Blues,5,0
2026-01-19,2025020770,2,Carolina Hurricanes,Buffalo Sabres,2,1
2026-01-19,2025020771,2,Colorado Avalanche,Washington Capitals,5,2
2026-01-19,2025020772,2,Seattle Kraken,Pittsburgh Penguins,3,6
2026-01-19,2025020773,2,Florida Panthers,San Jose Sharks,1,4
2026-01-19,2025020774,2,Toronto Maple Leafs,Minnesota Wild,3,6
2026-01-19,2025020775,2,Vegas Golden Knights,Philadelphia Flyers,1,2
2026-01-19,2025020776,2,Chicago Blackhawks,Winnipeg Jets,2,0
2026-01-19,2025020777,2,Calgary Flames,New Jersey Devils,1,2
2026-01-19,2025020778,2,Vancouver Canucks,New York Islanders,3,4
2026-01-19,2025020779,2,Anaheim Ducks,New York Rangers,5,3
2026-01-20,2025020780,2,Montréal Canadiens,Minnesota Wild,4,3
2026-01-20,2025020781,2,Tampa Bay Lightning,San Jose Sharks,4,1
2026-01-20,2025020782,2,Columbus Blue Jackets,Ottawa Senators,1,4
2026-01-20,2025020783,2,Dallas Stars,Boston Bruins,6,2
2026-01-20,2025020784,2,Nashville Predators,Buffalo Sabres,3,5
2026-01-20,2025020785,2,Winnipeg Jets,St. Louis Blues,3,1
2026-01-20,2025020786,2,Edmonton Oilers,New Jersey Devils,1,2
2026-01-20,2025020787,2,Los Angeles Kings,New York Rangers,4,3
2026-01-21,2025020788,2,Toronto Maple Leafs,Detroit Red Wings,1,2
2026-01-21,2025020789,2,Colorado Avalanche,Anaheim Ducks,1,2
2026-01-21,2025020790,2,Utah Mammoth,Philadelphia Flyers,5,4
2026-01-21,2025020791,2,Calgary Flames,Pittsburgh Penguins,1,4
2026-01-21,2025020792,2,Vancouver Canucks,Washington Capitals,4,3
2026-01-21,2025020793,2,Seattle Kraken,New York Islanders,4,1
2026-01-22,2025020794,2,Boston Bruins,Vegas Golden Knights,4,3
2026-01-22,2025020795,2,Montréal Canadiens,Buffalo Sabres,2,4
2026-01-22,2025020796,2,Carolina Hurricanes,Chicago Blackhawks,3,4
2026-01-22,2025020797,2,Columbus Blue Jackets,Dallas Stars,1,0
2026-01-22,2025020798,2,Nashville Predators,Ottawa Senators,5,3
2026-01-22,2025020799,2,Winnipeg Jets,Florida Panthers,1,2
2026-01-22,2025020800,2,Edmonton Oilers,Pittsburgh Penguins,2,6
2026-01-22,2025020801,2,Minnesota Wild,Detroit Red Wings,4,3
2026-01-23,2025020802,2,Toronto Maple Leafs,Vegas Golden Knights,3,6
2026-01-23,2025020803,2,Chicago Blackhawks,Tampa Bay Lightning,1,2
2026-01-23,2025020804,2,Dallas Stars,St. Louis Blues,3,2
2026-01-23,2025020805,2,Colorado Avalanche,Philadelphia Flyers,3,7
2026-01-23,2025020806,2,Calgary Flames,Washington Capitals,1,3
2026-01-23,2025020807,2,Vancouver Canucks,New Jersey Devils,4,5
2026-01-23,2025020808,2,San Jose Sharks,New York Rangers,3,1
2026-01-23,2025020809,2,Seattle Kraken,Anaheim Ducks,2,4
2026-01-24,2025020810,2,New York Islanders,Buffalo Sabres,0,5
2026-01-24,2025020811,2,Nashville Predators,Utah Mammoth,2,5
2026-01-24,2025020812,2,Boston Bruins,Montréal Canadiens,4,3
2026-01-24,2025020813,2,Ottawa Senators,Carolina Hurricanes,1,4
2026-01-24,2025020814,2,Columbus Blue Jackets,Tampa Bay Lightning,8,5
2026-01-24,2025020815,2,Winnipeg Jets,Detroit Red Wings,1,5
2026-01-24,2025020816,2,St. Louis Blues,Los Angeles Kings,4,5
2026-01-24,2025020817,2,Minnesota Wild,Florida Panthers,3,4
2026-01-24,2025020818,2,Edmonton Oilers,Washington Capitals,6,5
2026-01-25,2025020819,2,Toronto Maple Leafs,Colorado Avalanche,1,4
2026-01-25,2025020820,2,Seattle Kraken,New Jersey Devils,4,2
2026-01-25,2025020821,2,Ottawa Senators,Vegas Golden Knights,7,1
2026-01-25,2025020822,2,Vancouver Canucks,Pittsburgh Penguins,2,3
2026-01-25,2025020823,2,Chicago Blackhawks,Florida Panthers,1,5
2026-01-25,2025020824,2,Calgary Flames,Anaheim Ducks,3,4
2026-01-26,2025020825,2,Tampa Bay Lightning,Utah Mammoth,2,0
2026-01-26,2025020826,2,New York Rangers,Boston Bruins,4,3
2026-01-26,2025020827,2,Philadelphia Flyers,New York Islanders,0,4
2026-01-26,2025020829,2,Edmonton Oilers,Anaheim Ducks,7,4
2026-01-27,2025020830,2,Boston Bruins,Nashville Predators,3,2
2026-01-27,2025020831,2,Toronto Maple Leafs,Buffalo Sabres,4,7
2026-01-27,2025020832,2,Montréal Canadiens,Vegas Golden Knights,3,2
2026-01-27,2025020833,2,Detroit Red Wings,Los Angeles Kings,1,3
2026-01-27,2025020834,2,Florida Panthers,Utah Mammoth,3,4
2026-01-27,2025020835,2,New Jersey Devils,Winnipeg Jets,3,4
2026-01-27,2025020836,2,St. Louis Blues,Dallas Stars,3,4
2026-01-27,2025020837,2,Minnesota Wild,Chicago Blackhawks,4,3
2026-01-27,2025020838,2,Vancouver Canucks,San Jose Sharks,2,5
2026-01-27,2025020839,2,Seattle Kraken,Washington Capitals,5,1
2026-01-28,2025020840,2,Columbus Blue Jackets,Philadelphia Flyers,5,3
2026-01-28,2025020841,2,Ottawa Senators,Colorado Avalanche,5,2
2026-01-28,2025020842,2,New York Islanders,New York Rangers,5,2
2026-01-29,2025020843,2,Boston Bruins,Philadelphia Flyers,6,3
2026-01-29,2025020844,2,Buffalo Sabres,Los Angeles Kings,4,1
2026-01-29,2025020845,2,Montréal Canadiens,Colorado Avalanche,7,3
2026-01-29,2025020846,2,Detroit Red Wings,Washington Capitals,3,4
2026-01-29,2025020847,2,Tampa Bay Lightning,Winnipeg Jets,4,1
2026-01-29,2025020848,2,New Jersey Devils,Nashville Predators,3,2
2026-01-29,2025020849,2,New York Rangers,New York Islanders,1,2
2026-01-29,2025020850,2,Pittsburgh Penguins,Chicago Blackhawks,6,2
2026-01-29,2025020851,2,Carolina Hurricanes,Utah Mammoth,5,4
2026-01-29,2025020852,2,St. Louis Blues,Florida Panthers,5,4
2026-01-29,2025020853,2,Minnesota Wild,Calgary Flames,4,1
2026-01-29,2025020854,2,Edmonton Oilers,San Jose Sharks,4,3
2026-01-29,2025020855,2,Vancouver Canucks,Anaheim Ducks,2,0
2026-01-29,2025020856,2,Vegas Golden Knights,Dallas Stars,4,5
2026-01-29,2025020857,2,Seattle Kraken,Toronto Maple Leafs,5,2
2026-01-30,2025020858,2,Chicago Blackhawks,Columbus Blue Jackets,2,4
2026-01-31,2025020859,2,Philadelphia Flyers,Los Angeles Kings,2,3
2026-01-31,2025020860,2,Detroit Red Wings,Colorado Avalanche,0,5
2026-01-31,2025020861,2,Pittsburgh Penguins,New York Rangers,6,5
2026-01-31,2025020862,2,Florida Panthers,Winnipeg Jets,1,2
2026-01-31,2025020863,2,Calgary Flames,San Jose Sharks,3,2
2026-01-31,2025020864,2,Washington Capitals,Carolina Hurricanes,4,3
2026-01-31,2025020865,2,Buffalo Sabres,Montréal Canadiens,2,4
2026-01-31,2025020866,2,Ottawa Senators,New Jersey Devils,4,1
2026-01-31,2025020867,2,New York Islanders,Nashville Predators,3,4
2026-01-31,2025020868,2,St. Louis Blues,Columbus Blue Jackets,3,5
2026-01-31,2025020869,2,Vancouver Canucks,Toronto Maple Leafs,2,3
2026-01-31,2025020870,2,Utah Mammoth,Dallas Stars,2,3
2026-01-31,2025020871,2,Edmonton Oilers,Minnesota Wild,3,7
2026-01-31,2025020872,2,Vegas Golden Knights,Seattle Kraken,2,3
2026-02-01,2025020873,2,Tampa Bay Lightning,Boston Bruins,6,5
2026-02-01,2025020874,2,Carolina Hurricanes,Los Angeles Kings,3,2
2026-02-01,2025020875,2,Anaheim Ducks,Vegas Golden Knights,4,3
2026-02-02,2025020876,2,Florida Panthers,Buffalo Sabres,3,5
2026-02-02,2025020877,2,Pittsburgh Penguins,Ottawa Senators,2,3
2026-02-02,2025020878,2,Washington Capitals,New York Islanders,4,1
2026-02-02,2025020879,2,Minnesota Wild,Montréal Canadiens,4,3
2026-02-02,2025020880,2,Nashville Predators,St. Louis Blues,6,5
2026-02-02,2025020881,2,Chicago Blackhawks,San Jose Sharks,6,3
2026-02-02,2025020882,2,Dallas Stars,Winnipeg Jets,4,3
2026-02-02,2025020883,2,Colorado Avalanche,Detroit Red Wings,0,2
2026-02-02,2025020884,2,Utah Mammoth,Vancouver Canucks,6,2
2026-02-02,2025020885,2,Calgary Flames,Toronto Maple Leafs,2,4
2026-02-03,2025020886,2,Tampa Bay Lightning,Buffalo Sabres,4,3
2026-02-03,2025020887,2,New Jersey Devils,Columbus Blue Jackets,0,3
2026-02-03,2025020888,2,New York Islanders,Pittsburgh Penguins,5,4
2026-02-03,2025020889,2,Philadelphia Flyers,Washington Capitals,4,2
2026-02-03,2025020890,2,Carolina Hurricanes,Ottawa Senators,4,3
2026-02-03,2025020891,2,Edmonton Oilers,Toronto Maple Leafs,2,5
2026-02-03,2025020892,2,Anaheim Ducks,Seattle Kraken,4,2
2026-02-04,2025020893,2,Florida Panthers,Boston Bruins,5,4
2026-02-04,2025020894,2,Columbus Blue Jackets,Chicago Blackhawks,4,0
2026-02-04,2025020895,2,Winnipeg Jets,Montréal Canadiens,1,5
2026-02-04,2025020896,2,Nashville Predators,Minnesota Wild,5,6
2026-02-04,2025020897,2,Colorado Avalanche,San Jose Sharks,4,2
2026-02-04,2025020898,2,Utah Mammoth,Detroit Red Wings,4,1
2026-02-04,2025020899,2,Dallas Stars,St. Louis Blues,5,4
2026-02-04,2025020900,2,Calgary Flames,Edmonton Oilers,4,3
2026-02-04,2025020901,2,Vegas Golden Knights,Vancouver Canucks,5,2
2026-02-04,2025020902,2,Los Angeles Kings,Seattle Kraken,2,4
2026-02-05,2025020903,2,Buffalo Sabres,Pittsburgh Penguins,2,5
2026-02-05,2025020904,2,Tampa Bay Lightning,Florida Panthers,6,1
2026-02-05,2025020905,2,New Jersey Devils,New York Islanders,1,3
2026-02-05,2025020906,2,New York Rangers,Carolina Hurricanes,0,2
2026-02-05,2025020907,2,Philadelphia Flyers,Ottawa Senators,1,2
2026-02-05,2025020908,2,Washington Capitals,Nashville Predators,4,2
2026-02-05,2025020909,2,Vegas Golden Knights,Los Angeles Kings,4,1
2026-02-25,2025020910,2,New Jersey Devils,Buffalo Sabres,1,2
2026-02-25,2025020911,2,Washington Capitals,Philadelphia Flyers,3,1
2026-02-25,2025020912,2,Tampa Bay Lightning,Toronto Maple Leafs,4,2
2026-02-25,2025020913,2,Dallas Stars,Seattle Kraken,4,1
2026-02-25,2025020914,2,Utah Mammoth,Colorado Avalanche,2,4
2026-02-25,2025020915,2,Vancouver Canucks,Winnipeg Jets,2,3
2026-02-25,2025020916,2,Los Angeles Kings,Vegas Golden Knights,4,6
2026-02-25,2025020917,2,Anaheim Ducks,Edmonton Oilers,6,5
2026-02-26,2025020918,2,Boston Bruins,Columbus Blue Jackets,4,2
2026-02-26,2025020919,2,Montréal Canadiens,New York Islanders,3,4
2026-02-26,2025020920,2,Ottawa Senators,Detroit Red Wings,1,2
2026-02-26,2025020921,2,Florida Panthers,Toronto Maple Leafs,5,1
2026-02-26,2025020922,2,Pittsburgh Penguins,New Jersey Devils,4,1
2026-02-26,2025020923,2,Carolina Hurricanes,Tampa Bay Lightning,5,4
2026-02-26,2025020924,2,New York Rangers,Philadelphia Flyers,2,3
2026-02-26,2025020925,2,St. Louis Blues,Seattle Kraken,5,1
2026-02-26,2025020926,2,Nashville Predators,Chicago Blackhawks,4,2
2026-02-26,2025020927,2,Colorado Avalanche,Minnesota Wild,2,5
2026-02-26,2025020928,2,San Jose Sharks,Calgary Flames,1,4
2026-02-26,2025020929,2,Los Angeles Kings,Edmonton Oilers,1,8
2026-02-27,2025020930,2,Florida Panthers,Buffalo Sabres,2,3
2026-02-27,2025020931,2,Washington Capitals,Vegas Golden Knights,3,2
2026-02-27,2025020932,2,Utah Mammoth,Minnesota Wild,5,2
2026-02-27,2025020933,2,Anaheim Ducks,Winnipeg Jets,5,4
2026-02-28,2025020934,2,New York Rangers,Pittsburgh Penguins,3,2
2026-02-28,2025020935,2,Philadelphia Flyers,Boston Bruins,3,1
2026-02-28,2025020936,2,San Jose Sharks,Edmonton Oilers,5,4
2026-02-28,2025020937,2,Columbus Blue Jackets,New York Islanders,3,4
2026-02-28,2025020938,2,Colorado Avalanche,Chicago Blackhawks,3,1
2026-02-28,2025020939,2,Toronto Maple Leafs,Ottawa Senators,2,5
2026-02-28,2025020940,2,Montréal Canadiens,Washington Capitals,6,2
2026-02-28,2025020941,2,Tampa Bay Lightning,Buffalo Sabres,2,6
2026-02-28,2025020942,2,Carolina Hurricanes,Detroit Red Wings,5,2
2026-02-28,2025020943,2,St. Louis Blues,New Jersey Devils,1,3
2026-02-28,2025020944,2,Los Angeles Kings,Calgary Flames,2,0
2026-02-28,2025020945,2,Dallas Stars,Nashville Predators,3,2
2026-02-28,2025020946,2,Seattle Kraken,Vancouver Canucks,5,1
2026-03-01,2025020947,2,Pittsburgh Penguins,Vegas Golden Knights,5,0
2026-03-01,2025020948,2,New York Islanders,Florida Panthers,5,4
2026-03-01,2025020949,2,Utah Mammoth,Chicago Blackhawks,0,4
2026-03-01,2025020950,2,San Jose Sharks,Winnipeg Jets,2,1
2026-03-01,2025020951,2,Minnesota Wild,St. Louis Blues,1,3
2026-03-01,2025020952,2,Anaheim Ducks,Calgary Flames,3,2
2026-03-02,2025020953,2,New York Rangers,Columbus Blue Jackets,4,5
2026-03-02,2025020954,2,Toronto Maple Leafs,Philadelphia Flyers,2,3
2026-03-02,2025020955,2,Nashville Predators,Detroit Red Wings,2,4
2026-03-02,2025020956,2,Vancouver Canucks,Dallas Stars,1,6
2026-03-02,2025020957,2,Seattle Kraken,Carolina Hurricanes,2,1
2026-03-02,2025020958,2,Los Angeles Kings,Colorado Avalanche,2,4
2026-03-03,2025020959,2,Boston Bruins,Pittsburgh Penguins,2,1
2026-03-03,2025020960,2,Buffalo Sabres,Vegas Golden Knights,3,2
2026-03-03,2025020961,2,New Jersey Devils,Florida Panthers,5,1
2026-03-03,2025020962,2,Washington Capitals,Utah Mammoth,2,3
2026-03-03,2025020963,2,Columbus Blue Jackets,Nashville Predators,3,2
2026-03-03,2025020964,2,Winnipeg Jets,Chicago Blackhawks,3,2
2026-03-03,2025020965,2,Calgary Flames,Dallas Stars,1,6
2026-03-03,2025020966,2,Edmonton Oilers,Ottawa Senators,5,4
2026-03-03,2025020967,2,Minnesota Wild,Tampa Bay Lightning,5,1
2026-03-03,2025020968,2,Anaheim Ducks,Colorado Avalanche,1,5
2026-03-03,2025020969,2,San Jose Sharks,Montréal Canadiens,7,5
2026-03-04,2025020970,2,Detroit Red Wings,Vegas Golden Knights,3,4
2026-03-04,2025020971,2,New Jersey Devils,Toronto Maple Leafs,4,3
2026-03-04,2025020972,2,Vancouver Canucks,Carolina Hurricanes,4,6
2026-03-04,2025020973,2,Anaheim Ducks,New York Islanders,5,1
2026-03-04,2025020974,2,Seattle Kraken,St. Louis Blues,2,3
2026-03-05,2025020975,2,New York Rangers,Toronto Maple Leafs,6,2
2026-03-05,2025020976,2,Philadelphia Flyers,Utah Mammoth,0,3
2026-03-05,2025020977,2,Pittsburgh Penguins,Buffalo Sabres,1,5
2026-03-05,2025020978,2,Columbus Blue Jackets,Florida Panthers,4,2
2026-03-05,2025020979,2,Nashville Predators,Boston Bruins,6,3
2026-03-05,2025020980,2,Winnipeg Jets,Tampa Bay Lightning,4,1
2026-03-05,2025020981,2,Calgary Flames,Ottawa Senators,1,4
2026-03-05,2025020982,2,Los Angeles Kings,New York Islanders,5,3
2026-03-06,2025020983,2,Detroit Red Wings,Florida Panthers,1,3
2026-03-06,2025020984,2,Dallas Stars,Colorado Avalanche,4,5
2026-03-06,2025020985,2,Chicago Blackhawks,Vancouver Canucks,3,6
2026-03-06,2025020986,2,Edmonton Oilers,Carolina Hurricanes,3,6
2026-03-06,2025020987,2,Anaheim Ducks,Montréal Canadiens,6,5
2026-03-06,2025020988,2,Vegas Golden Knights,Minnesota Wild,2,4
2026-03-06,2025020989,2,San Jose Sharks,St. Louis Blues,2,3
2026-03-07,2025020990,2,Boston Bruins,Washington Capitals,3,1
2026-03-07,2025020991,2,New Jersey Devils,New York Rangers,6,3
2026-03-07,2025020992,2,Buffalo Sabres,Nashville Predators,3,2
2026-03-07,2025020993,2,Pittsburgh Penguins,Philadelphia Flyers,3,4
2026-03-07,2025020994,2,Toronto Maple Leafs,Tampa Bay Lightning,2,5
2026-03-07,2025020995,2,Columbus Blue Jackets,Utah Mammoth,4,5
2026-03-07,2025020996,2,Winnipeg Jets,Vancouver Canucks,3,2
2026-03-07,2025020997,2,Los Angeles Kings,Montréal Canadiens,3,4
2026-03-07,2025020998,2,Calgary Flames,Carolina Hurricanes,5,4
2026-03-07,2025020999,2,San Jose Sharks,New York Islanders,1,2
2026-03-07,2025021000,2,Seattle Kraken,Ottawa Senators,4,7
2026-03-08,2025021001,2,Colorado Avalanche,Minnesota Wild,3,2
2026-03-08,2025021002,2,Pittsburgh Penguins,Boston Bruins,5,4
2026-03-08,2025021003,2,Buffalo Sabres,Tampa Bay Lightning,8,7
2026-03-08,2025021004,2,Dallas Stars,Chicago Blackhawks,4,3
2026-03-08,2025021005,2,New Jersey Devils,Detroit Red Wings,0,3
2026-03-08,2025021006,2,Anaheim Ducks,St. Louis Blues,0,4
2026-03-08,2025021007,2,Vegas Golden Knights,Edmonton Oilers,2,4
2026-03-09,2025020828,2,Columbus Blue Jackets,Los Angeles Kings,4,5
2026-03-09,2025021008,2,Philadelphia Flyers,New York Rangers,2,6
2026-03-09,2025021009,2,Washington Capitals,Calgary Flames,7,3
2026-03-09,2025021010,2,Chicago Blackhawks,Utah Mammoth,3,2
2026-03-09,2025021011,2,Vancouver Canucks,Ottawa Senators,0,2
2026-03-10,2025021012,2,Boston Bruins,Los Angeles Kings,2,1
2026-03-10,2025021013,2,Buffalo Sabres,San Jose Sharks,6,3
2026-03-10,2025021014,2,Montréal Canadiens,Toronto Maple Leafs,3,1
2026-03-10,2025021015,2,Tampa Bay Lightning,Columbus Blue Jackets,2,5
2026-03-10,2025021016,2,Florida Panthers,Detroit Red Wings,4,3
2026-03-10,2025021017,2,New York Rangers,Calgary Flames,4,0
2026-03-10,2025021018,2,Carolina Hurricanes,Pittsburgh Penguins,5,4
2026-03-10,2025021019,2,St. Louis Blues,New York Islanders,3,4
2026-03-10,2025021020,2,Dallas Stars,Vegas Golden Knights,2,1
2026-03-10,2025021021,2,Minnesota Wild,Utah Mammoth,5,0
2026-03-10,2025021022,2,Winnipeg Jets,Anaheim Ducks,1,4
2026-03-10,2025021023,2,Colorado Avalanche,Edmonton Oilers,3,4
2026-03-10,2025021024,2,Seattle Kraken,Nashville Predators,2,4
2026-03-11,2025021025,2,Ottawa Senators,Montréal Canadiens,2,3
2026-03-11,2025021026,2,Philadelphia Flyers,Washington Capitals,4,1
2026-03-12,2025021027,2,Boston Bruins,San Jose Sharks,2,4
2026-03-12,2025021028,2,Buffalo Sabres,Washington Capitals,1,2
2026-03-12,2025021029,2,Toronto Maple Leafs,Anaheim Ducks,6,4
2026-03-12,2025021030,2,Tampa Bay Lightning,Detroit Red Wings,4,1
2026-03-12,2025021031,2,Florida Panthers,Columbus Blue Jackets,2,1
2026-03-12,2025021032,2,New Jersey Devils,Calgary Flames,4,5
2026-03-12,2025021033,2,Carolina Hurricanes,St. Louis Blues,1,3
2026-03-12,2025021034,2,Dallas Stars,Edmonton Oilers,7,2
2026-03-12,2025021035,2,Minnesota Wild,Philadelphia Flyers,2,3
2026-03-12,2025021036,2,Winnipeg Jets,New York Rangers,3,6
2026-03-12,2025021037,2,Utah Mammoth,Chicago Blackhawks,2,3
2026-03-12,2025021038,2,Vancouver Canucks,Nashville Predators,4,3
2026-03-12,2025021039,2,Vegas Golden Knights,Pittsburgh Penguins,6,2
2026-03-12,2025021040,2,Seattle Kraken,Colorado Avalanche,1,5
2026-03-13,2025021041,2,New York Islanders,Los Angeles Kings,2,3
2026-03-13,2025021042,2,St. Louis Blues,Edmonton Oilers,3,2
2026-03-14,2025021043,2,Ottawa Senators,Anaheim Ducks,2,0
2026-03-14,2025021044,2,Washington Capitals,Boston Bruins,2,3
2026-03-14,2025021045,2,Winnipeg Jets,Colorado Avalanche,3,1
2026-03-14,2025021046,2,Minnesota Wild,New York Rangers,2,4
2026-03-14,2025021047,2,Buffalo Sabres,Toronto Maple Leafs,3,2
2026-03-14,2025021048,2,Montréal Canadiens,San Jose Sharks,2,4
2026-03-14,2025021049,2,Tampa Bay Lightning,Carolina Hurricanes,2,4
2026-03-14,2025021050,2,New Jersey Devils,Los Angeles Kings,6,4
2026-03-14,2025021051,2,New York Islanders,Calgary Flames,3,2
2026-03-14,2025021052,2,Philadelphia Flyers,Columbus Blue Jackets,1,2
2026-03-14,2025021053,2,Dallas Stars,Detroit Red Wings,3,2
2026-03-14,2025021054,2,Utah Mammoth,Pittsburgh Penguins,3,4
2026-03-14,2025021055,2,Vancouver Canucks,Seattle Kraken,2,5
2026-03-14,2025021056,2,Vegas Golden Knights,Chicago Blackhawks,4,0
2026-03-15,2025021057,2,Winnipeg Jets,St. Louis Blues,3,2
2026-03-15,2025021058,2,Ottawa Senators,San Jose Sharks,7,4
2026-03-15,2025021059,2,Montréal Canadiens,Anaheim Ducks,3,4
2026-03-15,2025021060,2,Minnesota Wild,Toronto Maple Leafs,2,4
2026-03-15,2025021061,2,Edmonton Oilers,Nashville Predators,3,1
2026-03-15,2025021062,2,Seattle Kraken,Florida Panthers,6,2
2026-03-16,2025021063,2,Detroit Red Wings,Calgary Flames,5,2
2026-03-16,2025021064,2,New Jersey Devils,Boston Bruins,4,3
2026-03-16,2025021065,2,New York Rangers,Los Angeles Kings,1,4
2026-03-16,2025021066,2,Dallas Stars,Utah Mammoth,3,6
2026-03-16,2025021067,2,Colorado Avalanche,Pittsburgh Penguins,2,7
2026-03-17,2025021068,2,Toronto Maple Leafs,New York Islanders,1,3
2026-03-17,2025021069,2,Montréal Canadiens,Boston Bruins,3,2
2026-03-17,2025021070,2,Columbus Blue Jackets,Carolina Hurricanes,5,1
2026-03-17,2025021071,2,Winnipeg Jets,Nashville Predators,3,4
2026-03-17,2025021072,2,Chicago Blackhawks,Minnesota Wild,3,4
2026-03-17,2025021073,2,Edmonton Oilers,San Jose Sharks,5,3
2026-03-17,2025021074,2,Vancouver Canucks,Florida Panthers,5,2
2026-03-17,2025021075,2,Vegas Golden Knights,Buffalo Sabres,0,2
2026-03-17,2025021076,2,Seattle Kraken,Tampa Bay Lightning,2,6
2026-03-18,2025021077,2,New York Rangers,New Jersey Devils,3,6
2026-03-18,2025021078,2,Carolina Hurricanes,Pittsburgh Penguins,6,5
2026-03-18,2025021079,2,Washington Capitals,Ottawa Senators,4,1
2026-03-18,2025021080,2,Colorado Avalanche,Dallas Stars,1,2
2026-03-18,2025021081,2,Calgary Flames,St. Louis Blues,2,1
2026-03-18,2025021082,2,Anaheim Ducks,Philadelphia Flyers,2,3
2026-03-19,2025021083,2,Boston Bruins,Winnipeg Jets,6,1
2026-03-19,2025021084,2,Ottawa Senators,New York Islanders,3,2
2026-03-19,2025021085,2,Detroit Red Wings,Montréal Canadiens,3,1
2026-03-19,2025021086,2,Columbus Blue Jackets,New York Rangers,6,3
2026-03-19,2025021087,2,Nashville Predators,Seattle Kraken,3,1
2026-03-19,2025021088,2,Minnesota Wild,Chicago Blackhawks,1,2
2026-03-19,2025021089,2,Edmonton Oilers,Florida Panthers,0,4
2026-03-19,2025021090,2,Vancouver Canucks,Tampa Bay Lightning,2,6
2026-03-19,2025021091,2,Vegas Golden Knights,Utah Mammoth,0,4
2026-03-19,2025021092,2,San Jose Sharks,Buffalo Sabres,0,5
2026-03-19,2025021093,2,Los Angeles Kings,Philadelphia Flyers,3,4
2026-03-20,2025021094,2,Toronto Maple Leafs,Carolina Hurricanes,3,4
2026-03-20,2025021095,2,Washington Capitals,New Jersey Devils,2,1
2026-03-20,2025021096,2,Chicago Blackhawks,Colorado Avalanche,1,4
2026-03-20,2025021097,2,Calgary Flames,Florida Panthers,4,1
2026-03-20,2025021098,2,Utah Mammoth,Anaheim Ducks,1,4
2026-03-21,2025021099,2,Pittsburgh Penguins,Winnipeg Jets,5,4
2026-03-21,2025021100,2,Nashville Predators,Vegas Golden Knights,4,1
2026-03-21,2025021101,2,Minnesota Wild,Dallas Stars,2,1
2026-03-21,2025021102,2,Los Angeles Kings,Buffalo Sabres,1,4
2026-03-21,2025021103,2,San Jose Sharks,Philadelphia Flyers,1,4
2026-03-21,2025021104,2,Columbus Blue Jackets,Seattle Kraken,5,2
2026-03-21,2025021105,2,Montréal Canadiens,New York Islanders,7,3
2026-03-21,2025021106,2,Ottawa Senators,Toronto Maple Leafs,5,2
2026-03-21,2025021107,2,Vancouver Canucks,St. Louis Blues,1,3
2026-03-21,2025021108,2,Detroit Red Wings,Boston Bruins,2,4
2026-03-21,2025021109,2,Edmonton Oilers,Tampa Bay Lightning,2,5
2026-03-22,2025021110,2,New York Rangers,Winnipeg Jets,2,3
2026-03-22,2025021111,2,Washington Capitals,Colorado Avalanche,2,3
2026-03-22,2025021112,2,Pittsburgh Penguins,Carolina Hurricanes,1,5
2026-03-22,2025021113,2,Chicago Blackhawks,Nashville Predators,2,3
2026-03-22,2025021114,2,New York Islanders,Columbus Blue Jackets,1,0
2026-03-22,2025021115,2,Dallas Stars,Vegas Golden Knights,2,3
2026-03-22,2025021116,2,Calgary Flames,Tampa Bay Lightning,4,3
2026-03-22,2025021117,2,Anaheim Ducks,Buffalo Sabres,6,5
2026-03-22,2025021118,2,Utah Mammoth,Los Angeles Kings,4,3
2026-03-23,2025021119,2,New York Rangers,Ottawa Senators,1,2
2026-03-24,2025021120,2,Boston Bruins,Toronto Maple Leafs,2,4
2026-03-24,2025021121,2,Montréal Canadiens,Carolina Hurricanes,5,2
2026-03-24,2025021122,2,Detroit Red Wings,Ottawa Senators,2,3
2026-03-24,2025021123,2,Florida Panthers,Seattle Kraken,5,4
2026-03-24,2025021124,2,New York Islanders,Chicago Blackhawks,3,4
2026-03-24,2025021125,2,Philadelphia Flyers,Columbus Blue Jackets,2,3
2026-03-24,2025021126,2,Pittsburgh Penguins,Colorado Avalanche,2,6
2026-03-24,2025021127,2,Tampa Bay Lightning,Minnesota Wild,6,3
2026-03-24,2025021128,2,St. Louis Blues,Washington Capitals,3,0
2026-03-24,2025021129,2,Nashville Predators,San Jose Sharks,6,3
2026-03-24,2025021130,2,Dallas Stars,New Jersey Devils,4,6
2026-03-24,2025021131,2,Winnipeg Jets,Vegas Golden Knights,4,1
2026-03-24,2025021132,2,Utah Mammoth,Edmonton Oilers,2,5
2026-03-24,2025021133,2,Calgary Flames,Los Angeles Kings,3,2
2026-03-24,2025021134,2,Vancouver Canucks,Anaheim Ducks,3,5
2026-03-25,2025021135,2,Buffalo Sabres,Boston Bruins,3,4
2026-03-25,2025021136,2,Toronto Maple Leafs,New York Rangers,4,3
2026-03-26,2025021137,2,Montréal Canadiens,Columbus Blue Jackets,2,1
2026-03-26,2025021138,2,Ottawa Senators,Pittsburgh Penguins,3,4
2026-03-26,2025021139,2,Tampa Bay Lightning,Seattle Kraken,3,4
2026-03-26,2025021140,2,Florida Panthers,Minnesota Wild,2,3
2026-03-26,2025021141,2,New York Islanders,Dallas Stars,2,1
2026-03-26,2025021142,2,Philadelphia Flyers,Chicago Blackhawks,5,1
2026-03-26,2025021143,2,St. Louis Blues,San Jose Sharks,2,1
2026-03-26,2025021144,2,Nashville Predators,New Jersey Devils,2,4
2026-03-26,2025021145,2,Winnipeg Jets,Colorado Avalanche,2,3
2026-03-26,2025021146,2,Utah Mammoth,Washington Capitals,4,7
2026-03-26,2025021147,2,Calgary Flames,Anaheim Ducks,2,3
2026-03-26,2025021148,2,Vegas Golden Knights,Edmonton Oilers,3,4
2026-03-26,2025021149,2,Vancouver Canucks,Los Angeles Kings,0,4
2026-03-27,2025021150,2,Buffalo Sabres,Detroit Red Wings,2,5
2026-03-27,2025021151,2,New York Rangers,Chicago Blackhawks,6,1
2026-03-28,2025021152,2,Tampa Bay Lightning,Ottawa Senators,4,2
2026-03-28,2025021153,2,New York Islanders,Florida Panthers,5,2
2026-03-28,2025021154,2,Edmonton Oilers,Anaheim Ducks,4,2
2026-03-28,2025021155,2,Boston Bruins,Minnesota Wild,6,3
2026-03-28,2025021156,2,Pittsburgh Penguins,Dallas Stars,3,6
2026-03-28,2025021157,2,Carolina Hurricanes,New Jersey Devils,5,2
2026-03-28,2025021158,2,Columbus Blue Jackets,San Jose Sharks,2,3
2026-03-28,2025021159,2,Buffalo Sabres,Seattle Kraken,3,2
2026-03-28,2025021160,2,St. Louis Blues,Toronto Maple Leafs,5,1
2026-03-28,2025021161,2,Nashville Predators,Montréal Canadiens,1,4
2026-03-28,2025021162,2,Colorado Avalanche,Winnipeg Jets,2,4
2026-03-28,2025021163,2,Detroit Red Wings,Philadelphia Flyers,3,5
2026-03-28,2025021164,2,Los Angeles Kings,Utah Mammoth,2,6
2026-03-28,2025021165,2,Calgary Flames,Vancouver Canucks,7,3
2026-03-28,2025021166,2,Vegas Golden Knights,Washington Capitals,4,5
2026-03-29,2025021167,2,New York Rangers,Florida Panthers,3,1
2026-03-29,2025021168,2,Tampa Bay Lightning,Nashville Predators,3,2
2026-03-29,2025021169,2,Carolina Hurricanes,Montréal Canadiens,1,3
2026-03-29,2025021170,2,Columbus Blue Jackets,Boston Bruins,3,4
2026-03-29,2025021171,2,New Jersey Devils,Chicago Blackhawks,5,3
2026-03-29,2025021172,2,Philadelphia Flyers,Dallas Stars,2,1
2026-03-30,2025021173,2,New York Islanders,Pittsburgh Penguins,3,8
2026-03-30,2025021174,2,Colorado Avalanche,Calgary Flames,9,2
2026-03-30,2025021175,2,Vegas Golden Knights,Vancouver Canucks,4,2
2026-03-30,2025021176,2,Anaheim Ducks,Toronto Maple Leafs,4,5
2026-03-30,2025021177,2,San Jose Sharks,St. Louis Blues,5,4
2026-03-31,2025021178,2,Boston Bruins,Dallas Stars,6,3
2026-03-31,2025021179,2,Buffalo Sabres,New York Islanders,4,3
2026-03-31,2025021180,2,Tampa Bay Lightning,Montréal Canadiens,1,4
2026-03-31,2025021181,2,Florida Panthers,Ottawa Senators,6,3
2026-03-31,2025021182,2,New York Rangers,New Jersey Devils,4,1
2026-03-31,2025021183,2,Pittsburgh Penguins,Detroit Red Wings,5,1
2026-03-31,2025021184,2,Washington Capitals,Philadelphia Flyers,6,4
2026-03-31,2025021185,2,Columbus Blue Jackets,Carolina Hurricanes,2,5
2026-03-31,2025021186,2,Chicago Blackhawks,Winnipeg Jets,3,4
2026-03-31,2025021187,2,Edmonton Oilers,Seattle Kraken,3,0
2026-04-01,2025021188,2,Colorado Avalanche,Vancouver Canucks,6,8
2026-04-01,2025021189,2,Los Angeles Kings,St. Louis Blues,2,1
2026-04-01,2025021190,2,San Jose Sharks,Anaheim Ducks,4,3
2026-04-02,2025021191,2,Ottawa Senators,Buffalo Sabres,4,1
2026-04-02,2025021192,2,Tampa Bay Lightning,Pittsburgh Penguins,6,3
2026-04-02,2025021193,2,Florida Panthers,Boston Bruins,2,1
2026-04-02,2025021194,2,New Jersey Devils,Washington Capitals,7,3
2026-04-02,2025021195,2,New York Rangers,Montréal Canadiens,2,3
2026-04-02,2025021196,2,Philadelphia Flyers,Detroit Red Wings,2,4
2026-04-02,2025021197,2,Carolina Hurricanes,Columbus Blue Jackets,5,1
2026-04-02,2025021198,2,Dallas Stars,Winnipeg Jets,3,0
2026-04-02,2025021199,2,Minnesota Wild,Vancouver Canucks,5,2
2026-04-02,2025021200,2,Edmonton Oilers,Chicago Blackhawks,3,1
2026-04-02,2025021201,2,Vegas Golden Knights,Calgary Flames,6,3
2026-04-02,2025021202,2,San Jose Sharks,Toronto Maple Leafs,4,1
2026-04-02,2025021203,2,Seattle Kraken,Utah Mammoth,2,6
2026-04-02,2025021204,2,Los Angeles Kings,Nashville Predators,4,5
2026-04-03,2025021205,2,New York Islanders,Philadelphia Flyers,1,4
2026-04-03,2025021206,2,Anaheim Ducks,St. Louis Blues,2,6
2026-04-04,2025021207,2,New York Rangers,Detroit Red Wings,4,1
2026-04-04,2025021208,2,Ottawa Senators,Minnesota Wild,1,4
2026-04-04,2025021209,2,Dallas Stars,Colorado Avalanche,0,2
2026-04-04,2025021210,2,Tampa Bay Lightning,Boston Bruins,3,1
2026-04-04,2025021211,2,Pittsburgh Penguins,Florida Panthers,9,4
2026-04-04,2025021212,2,New Jersey Devils,Montréal Canadiens,3,4
2026-04-04,2025021213,2,Washington Capitals,Buffalo Sabres,6,2
2026-04-04,2025021214,2,Carolina Hurricanes,New York Islanders,4,3
2026-04-04,2025021215,2,Columbus Blue Jackets,Winnipeg Jets,1,2
2026-04-04,2025021216,2,Vancouver Canucks,Utah Mammoth,4,7
2026-04-04,2025021217,2,Los Angeles Kings,Toronto Maple Leafs,7,6
2026-04-04,2025021218,2,Edmonton Oilers,Vegas Golden Knights,1,5
2026-04-04,2025021219,2,Anaheim Ducks,Calgary Flames,3,5
2026-04-04,2025021220,2,San Jose Sharks,Nashville Predators,3,6
2026-04-04,2025021221,2,Seattle Kraken,Chicago Blackhawks,2,4
2026-04-05,2025021222,2,Detroit Red Wings,Minnesota Wild,4,5
2026-04-05,2025021223,2,Pittsburgh Penguins,Florida Panthers,5,2
2026-04-05,2025021224,2,Philadelphia Flyers,Boston Bruins,2,1
2026-04-05,2025021225,2,Ottawa Senators,Carolina Hurricanes,6,3
2026-04-05,2025021226,2,Montréal Canadiens,New Jersey Devils,0,3
2026-04-05,2025021227,2,New York Rangers,Washington Capitals,8,1
2026-04-05,2025021228,2,Colorado Avalanche,St. Louis Blues,2,3
2026-04-06,2025021229,2,Buffalo Sabres,Tampa Bay Lightning,4,2
2026-04-06,2025021230,2,Winnipeg Jets,Seattle Kraken,6,2
2026-04-06,2025021231,2,San Jose Sharks,Chicago Blackhawks,3,2
2026-04-06,2025021232,2,Los Angeles Kings,Nashville Predators,3,2
2026-04-07,2025021233,2,Montréal Canadiens,Florida Panthers,4,3
2026-04-07,2025021234,2,Ottawa Senators,Tampa Bay Lightning,6,2
2026-04-07,2025021235,2,Detroit Red Wings,Columbus Blue Jackets,3,4
2026-04-07,2025021236,2,New Jersey Devils,Philadelphia Flyers,1,5
2026-04-07,2025021237,2,Carolina Hurricanes,Boston Bruins,6,5
2026-04-07,2025021238,2,St. Louis Blues,Colorado Avalanche,1,3
2026-04-07,2025021239,2,Dallas Stars,Calgary Flames,4,3
2026-04-07,2025021240,2,Minnesota Wild,Seattle Kraken,5,2
2026-04-07,2025021241,2,Utah Mammoth,Edmonton Oilers,6,5
2026-04-07,2025021242,2,Vancouver Canucks,Vegas Golden Knights,1,2
2026-04-07,2025021243,2,Anaheim Ducks,Nashville Predators,0,5
2026-04-08,2025021244,2,New York Rangers,Buffalo Sabres,3,5
2026-04-08,2025021245,2,Toronto Maple Leafs,Washington Capitals,0,4
2026-04-08,2025021246,2,San Jose Sharks,Edmonton Oilers,2,5
2026-04-09,2025021247,2,Buffalo Sabres,Columbus Blue Jackets,5,0
2026-04-09,2025021248,2,Montréal Canadiens,Tampa Bay Lightning,2,1
2026-04-09,2025021249,2,Ottawa Senators,Florida Panthers,5,1
2026-04-09,2025021250,2,Detroit Red Wings,Philadelphia Flyers,6,3
2026-04-09,2025021251,2,New Jersey Devils,Pittsburgh Penguins,2,5
2026-04-09,2025021252,2,New York Islanders,Toronto Maple Leafs,5,3
2026-04-09,2025021253,2,St. Louis Blues,Winnipeg Jets,2,3
2026-04-09,2025021254,2,Dallas Stars,Minnesota Wild,5,4
2026-04-09,2025021255,2,Chicago Blackhawks,Carolina Hurricanes,2,7
2026-04-09,2025021256,2,Colorado Avalanche,Calgary Flames,3,1
2026-04-09,2025021257,2,Utah Mammoth,Nashville Predators,4,1
2026-04-09,2025021258,2,Anaheim Ducks,San Jose Sharks,6,1
2026-04-09,2025021259,2,Seattle Kraken,Vegas Golden Knights,4,3
2026-04-09,2025021260,2,Los Angeles Kings,Vancouver Canucks,4,1
2026-04-11,2025021261,2,Boston Bruins,Tampa Bay Lightning,1,2
2026-04-11,2025021262,2,New York Islanders,Ottawa Senators,0,3
2026-04-11,2025021263,2,Pittsburgh Penguins,Washington Capitals,3,6
2026-04-11,2025021264,2,Los Angeles Kings,Edmonton Oilers,1,0
2026-04-11,2025021265,2,Detroit Red Wings,New Jersey Devils,3,5
2026-04-11,2025021266,2,Chicago Blackhawks,St. Louis Blues,3,5
2026-04-11,2025021267,2,Nashville Predators,Minnesota Wild,2,1
2026-04-11,2025021268,2,Dallas Stars,New York Rangers,2,0
2026-04-11,2025021269,2,Utah Mammoth,Carolina Hurricanes,1,4
2026-04-11,2025021270,2,Toronto Maple Leafs,Florida Panthers,2,6
2026-04-11,2025021271,2,Montréal Canadiens,Columbus Blue Jackets,2,5
2026-04-11,2025021272,2,Winnipeg Jets,Philadelphia Flyers,1,7
2026-04-11,2025021273,2,Seattle Kraken,Calgary Flames,4,1
2026-04-11,2025021274,2,Colorado Avalanche,Vegas Golden Knights,2,3
2026-04-11,2025021275,2,San Jose Sharks,Vancouver Canucks,3,4
2026-04-12,2025021276,2,Washington Capitals,Pittsburgh Penguins,3,0
2026-04-12,2025021277,2,New York Islanders,Montréal Canadiens,1,4
2026-04-12,2025021278,2,Columbus Blue Jackets,Boston Bruins,2,3
2026-04-12,2025021279,2,New Jersey Devils,Ottawa Senators,4,3
2026-04-12,2025021280,2,Anaheim Ducks,Vancouver Canucks,3,4
2026-04-12,2025021281,2,Calgary Flames,Utah Mammoth,4,1
2026-04-13,2025021282,2,Tampa Bay Lightning,Detroit Red Wings,4,3
2026-04-13,2025021283,2,Florida Panthers,New York Rangers,3,2
2026-04-13,2025021284,2,Philadelphia Flyers,Carolina Hurricanes,3,2
2026-04-13,2025021285,2,Toronto Maple Leafs,Dallas Stars,5,6
2026-04-13,2025021286,2,St. Louis Blues,Minnesota Wild,6,3
2026-04-13,2025021287,2,Nashville Predators,San Jose Sharks,2,3
2026-04-13,2025021288,2,Chicago Blackhawks,Buffalo Sabres,1,5
2026-04-13,2025021289,2,Edmonton Oilers,Colorado Avalanche,1,2
2026-04-13,2025021290,2,Vegas Golden Knights,Winnipeg Jets,6,2
2026-04-13,2025021291,2,Seattle Kraken,Los Angeles Kings,3,5
2026-04-14,2025021292,2,Boston Bruins,New Jersey Devils,4,0
2026-04-14,2025021293,2,New York Islanders,Carolina Hurricanes,1,2
2026-04-14,2025021294,2,Philadelphia Flyers,Montréal Canadiens,4,2
2026-04-14,2025021295,2,Columbus Blue Jackets,Washington Capitals,1,2
2026-04-14,2025021296,2,Minnesota Wild,Anaheim Ducks,3,2
2026-04-14,2025021297,2,Utah Mammoth,Winnipeg Jets,5,3
2026-04-14,2025021298,2,Calgary Flames,Colorado Avalanche,1,3
2026-04-14,2025021299,2,St. Louis Blues,Pittsburgh Penguins,7,5
2026-04-14,2025021300,2,Vancouver Canucks,Los Angeles Kings,4,3
2026-04-15,2025021301,2,Buffalo Sabres,Dallas Stars,3,4
2026-04-15,2025021302,2,Tampa Bay Lightning,New York Rangers,2,4
2026-04-15,2025021303,2,Florida Panthers,Detroit Red Wings,8,1
2026-04-15,2025021304,2,Ottawa Senators,Toronto Maple Leafs,3,1
2026-04-15,2025021305,2,Chicago Blackhawks,San Jose Sharks,5,2
2026-04-15,2025021306,2,Vegas Golden Knights,Seattle Kraken,4,1
2026-04-16,2025021307,2,Nashville Predators,Anaheim Ducks,4,5
2026-04-16,2025021308,2,Winnipeg Jets,San Jose Sharks,1,6
2026-04-16,2025021309,2,Utah Mammoth,St. Louis Blues,3,5
2026-04-16,2025021310,2,Calgary Flames,Los Angeles Kings,3,1
2026-04-16,2025021311,2,Edmonton Oilers,Vancouver Canucks,6,1
2026-04-16,2025021312,2,Colorado Avalanche,Seattle Kraken,2,0
2026-04-18,2025030131,3,Carolina Hurricanes,Ottawa Senators,2,0
2026-04-18,2025030141,3,Pittsburgh Penguins,Philadelphia Flyers,2,3
2026-04-18,2025030161,3,Dallas Stars,Minnesota Wild,1,6
2026-04-19,2025030111,3,Buffalo Sabres,Boston Bruins,4,3
2026-04-19,2025030121,3,Tampa Bay Lightning,Montréal Canadiens,3,4
2026-04-19,2025030151,3,Colorado Avalanche,Los Angeles Kings,2,1
2026-04-19,2025030171,3,Vegas Golden Knights,Utah Mammoth,4,2
2026-04-20,2025030132,3,Carolina Hurricanes,Ottawa Senators,3,2
2026-04-20,2025030142,3,Pittsburgh Penguins,Philadelphia Flyers,0,3
2026-04-20,2025030162,3,Dallas Stars,Minnesota Wild,4,2
2026-04-20,2025030181,3,Edmonton Oilers,Anaheim Ducks,4,3
2026-04-21,2025030112,3,Buffalo Sabres,Boston Bruins,2,4
2026-04-21,2025030122,3,Tampa Bay Lightning,Montréal Canadiens,3,2
2026-04-21,2025030152,3,Colorado Avalanche,Los Angeles Kings,2,1
2026-04-21,2025030172,3,Vegas Golden Knights,Utah Mammoth,2,3
2026-04-22,2025030143,3,Philadelphia Flyers,Pittsburgh Penguins,5,2
2026-04-22,2025030163,3,Minnesota Wild,Dallas Stars,3,4
2026-04-22,2025030182,3,Edmonton Oilers,Anaheim Ducks,4,6
2026-04-23,2025030113,3,Boston Bruins,Buffalo Sabres,1,3
2026-04-23,2025030133,3,Ottawa Senators,Carolina Hurricanes,1,2
2026-04-23,2025030153,3,Los Angeles Kings,Colorado Avalanche,2,4
2026-04-24,2025030123,3,Montréal Canadiens,Tampa Bay Lightning,3,2
2026-04-24,2025030173,3,Utah Mammoth,Vegas Golden Knights,4,2
2026-04-24,2025030183,3,Anaheim Ducks,Edmonton Oilers,7,4
2026-04-25,2025030134,3,Ottawa Senators,Carolina Hurricanes,2,4
2026-04-25,2025030144,3,Philadelphia Flyers,Pittsburgh Penguins,2,4
2026-04-25,2025030164,3,Minnesota Wild,Dallas Stars,3,2
2026-04-26,2025030114,3,Boston Bruins,Buffalo Sabres,1,6
2026-04-26,2025030124,3,Montréal Canadiens,Tampa Bay Lightning,2,3
2026-04-26,2025030154,3,Los Angeles Kings,Colorado Avalanche,1,5
2026-04-26,2025030184,3,Anaheim Ducks,Edmonton Oilers,4,3
2026-04-27,2025030145,3,Pittsburgh Penguins,Philadelphia Flyers,3,2
2026-04-27,2025030174,3,Utah Mammoth,Vegas Golden Knights,4,5
2026-04-28,2025030115,3,Buffalo Sabres,Boston Bruins,1,2
2026-04-28,2025030165,3,Dallas Stars,Minnesota Wild,2,4
2026-04-28,2025030185,3,Edmonton Oilers,Anaheim Ducks,4,1
2026-04-29,2025030125,3,Tampa Bay Lightning,Montréal Canadiens,2,3
2026-04-29,2025030146,3,Philadelphia Flyers,Pittsburgh Penguins,1,0
2026-04-29,2025030175,3,Vegas Golden Knights,Utah Mammoth,5,4
2026-04-30,2025030166,3,Minnesota Wild,Dallas Stars,5,2
2026-04-30,2025030186,3,Anaheim Ducks,Edmonton Oilers,5,2
2026-05-01,2025030116,3,Boston Bruins,Buffalo Sabres,1,4
2026-05-01,2025030126,3,Montréal Canadiens,Tampa Bay Lightning,0,1
2026-05-01,2025030176,3,Utah Mammoth,Vegas Golden Knights,1,5
2026-05-02,2025030221,3,Carolina Hurricanes,Philadelphia Flyers,3,0
2026-05-03,2025030127,3,Tampa Bay Lightning,Montréal Canadiens,1,2
2026-05-03,2025030231,3,Colorado Avalanche,Minnesota Wild,9,6
2026-05-04,2025030222,3,Carolina Hurricanes,Philadelphia Flyers,3,2
2026-05-04,2025030241,3,Vegas Golden Knights,Anaheim Ducks,3,1
2026-05-05,2025030232,3,Colorado Avalanche,Minnesota Wild,5,2
2026-05-06,2025030211,3,Buffalo Sabres,Montréal Canadiens,4,2
2026-05-06,2025030242,3,Vegas Golden Knights,Anaheim Ducks,1,3
2026-05-07,2025030223,3,Philadelphia Flyers,Carolina Hurricanes,1,4
2026-05-08,2025030212,3,Buffalo Sabres,Montréal Canadiens,1,5
2026-05-08,2025030243,3,Anaheim Ducks,Vegas Golden Knights,2,6
2026-05-09,2025030224,3,Philadelphia Flyers,Carolina Hurricanes,2,3
2026-05-09,2025030233,3,Minnesota Wild,Colorado Avalanche,5,1
2026-05-10,2025030213,3,Montréal Canadiens,Buffalo Sabres,6,2
2026-05-10,2025030244,3,Anaheim Ducks,Vegas Golden Knights,4,3
2026-05-11,2025030234,3,Minnesota Wild,Colorado Avalanche,2,5
2026-05-12,2025030214,3,Montréal Canadiens,Buffalo Sabres,2,3
2026-05-12,2025030245,3,Vegas Golden Knights,Anaheim Ducks,3,2
2026-05-13,2025030235,3,Colorado Avalanche,Minnesota Wild,4,3
2026-05-14,2025030215,3,Buffalo Sabres,Montréal Canadiens,3,6
2026-05-14,2025030246,3,Anaheim Ducks,Vegas Golden Knights,1,5
2026-05-16,2025030216,3,Montréal Canadiens,Buffalo Sabres,3,8
2026-05-18,2025030217,3,Buffalo Sabres,Montréal Canadiens,2,3
2026-05-20,2025030321,3,Colorado Avalanche,Vegas Golden Knights,2,4
2026-05-21,2025030311,3,Carolina Hurricanes,Montréal Canadiens,2,6
2026-05-22,2025030322,3,Colorado Avalanche,Vegas Golden Knights,1,3
2026-05-23,2025030312,3,Carolina Hurricanes,Montréal Canadiens,3,2
2026-05-24,2025030323,3,Vegas Golden Knights,Colorado Avalanche,5,3
2026-05-25,2025030313,3,Montréal Canadiens,Carolina Hurricanes,2,3
2026-05-26,2025030324,3,Vegas Golden Knights,Colorado Avalanche,2,1
2026-05-27,2025030314,3,Montréal Canadiens,Carolina Hurricanes,0,4
2026-05-29,2025030315,3,Carolina Hurricanes,Montréal Canadiens,6,1
2026-06-02,2025030411,3,Carolina Hurricanes,Vegas Golden Knights,4,5
2026-06-04,2025030412,3,Carolina Hurricanes,Vegas Golden Knights,4,3
2026-06-06,2025030413,3,Vegas Golden Knights,Carolina Hurricanes,5,4
2026-06-09,2025030414,3,Vegas Golden Knights,Carolina Hurricanes,3,5
2026-06-11,2025030415,3,Carolina Hurricanes,Vegas Golden Knights,4,2
2026-06-14,2025030416,3,Vegas Golden Knights,Carolina Hurricanes,0,3
